25-04-15.00:10:58.852 [main            ] WARN  DnsServerAddressStreamProviders - Can not find io.netty.resolver.dns.macos.MacOSDnsServerAddressStreamProvider in the classpath, fallback to system defaults. This may result in incorrect DNS resolutions on MacOS. Check whether you have a dependency on 'io.netty:netty-resolver-dns-native-macos'
25-04-15.00:18:14.266 [http-nio-8090-exec-10] ERROR [dispatcherServlet]    - Servlet.service() for servlet [dispatcherServlet] threw exception
java.io.IOException: Broken pipe
	at java.base/sun.nio.ch.FileDispatcherImpl.write0(Native Method)
	at java.base/sun.nio.ch.SocketDispatcher.write(SocketDispatcher.java:62)
	at java.base/sun.nio.ch.IOUtil.writeFromNativeBuffer(IOUtil.java:132)
	at java.base/sun.nio.ch.IOUtil.write(IOUtil.java:97)
	at java.base/sun.nio.ch.IOUtil.write(IOUtil.java:53)
	at java.base/sun.nio.ch.SocketChannelImpl.write(SocketChannelImpl.java:532)
	at org.apache.tomcat.util.net.NioChannel.write(NioChannel.java:118)
	at org.apache.tomcat.util.net.NioEndpoint$NioSocketWrapper.doWrite(NioEndpoint.java:1381)
	at org.apache.tomcat.util.net.SocketWrapperBase.doWrite(SocketWrapperBase.java:764)
	at org.apache.tomcat.util.net.SocketWrapperBase.flushBlocking(SocketWrapperBase.java:728)
	at org.apache.tomcat.util.net.SocketWrapperBase.flush(SocketWrapperBase.java:712)
	at org.apache.coyote.http11.Http11OutputBuffer$SocketOutputBuffer.flush(Http11OutputBuffer.java:566)
	at org.apache.coyote.http11.filters.ChunkedOutputFilter.flush(ChunkedOutputFilter.java:157)
	at org.apache.coyote.http11.Http11OutputBuffer.flush(Http11OutputBuffer.java:220)
	at org.apache.coyote.http11.Http11Processor.flush(Http11Processor.java:1245)
	at org.apache.coyote.AbstractProcessor.action(AbstractProcessor.java:400)
	at org.apache.coyote.Response.action(Response.java:208)
	at org.apache.catalina.connector.OutputBuffer.doFlush(OutputBuffer.java:301)
	at org.apache.catalina.connector.OutputBuffer.flush(OutputBuffer.java:267)
	at org.apache.catalina.connector.CoyoteOutputStream.flush(CoyoteOutputStream.java:120)
	at java.base/java.io.FilterOutputStream.flush(FilterOutputStream.java:153)
	at com.fasterxml.jackson.core.json.UTF8JsonGenerator.flush(UTF8JsonGenerator.java:1200)
	at com.fasterxml.jackson.databind.ObjectWriter.writeValue(ObjectWriter.java:1063)
	at org.springframework.http.converter.json.AbstractJackson2HttpMessageConverter.writeInternal(AbstractJackson2HttpMessageConverter.java:483)
	at org.springframework.http.converter.AbstractGenericHttpMessageConverter.writeInternal(AbstractGenericHttpMessageConverter.java:123)
	at org.springframework.http.converter.AbstractHttpMessageConverter.write(AbstractHttpMessageConverter.java:236)
	at org.springframework.web.servlet.mvc.method.annotation.ResponseBodyEmitterReturnValueHandler$HttpMessageConvertingHandler.sendInternal(ResponseBodyEmitterReturnValueHandler.java:221)
	at org.springframework.web.servlet.mvc.method.annotation.ResponseBodyEmitterReturnValueHandler$HttpMessageConvertingHandler.send(ResponseBodyEmitterReturnValueHandler.java:212)
	at org.springframework.web.servlet.mvc.method.annotation.ResponseBodyEmitter.sendInternal(ResponseBodyEmitter.java:234)
	at org.springframework.web.servlet.mvc.method.annotation.ResponseBodyEmitter.send(ResponseBodyEmitter.java:225)
	at org.springframework.web.servlet.mvc.method.annotation.SseEmitter.send(SseEmitter.java:135)
	at org.springframework.web.servlet.mvc.method.annotation.SseEmitter.send(SseEmitter.java:118)
	at org.springframework.web.servlet.mvc.method.annotation.ReactiveTypeHandler$SseEmitterSubscriber.send(ReactiveTypeHandler.java:391)
	at org.springframework.web.servlet.mvc.method.annotation.ReactiveTypeHandler$AbstractEmitterSubscriber.run(ReactiveTypeHandler.java:332)
	at java.base/java.util.concurrent.ThreadPoolExecutor.runWorker(ThreadPoolExecutor.java:1136)
	at java.base/java.util.concurrent.ThreadPoolExecutor$Worker.run(ThreadPoolExecutor.java:635)
	at java.base/java.lang.Thread.run(Thread.java:842)
25-04-15.00:18:14.268 [http-nio-8090-exec-10] ERROR [localhost]            - Exception Processing [ErrorPage[errorCode=0, location=/error]]
java.io.IOException: Broken pipe
	at java.base/sun.nio.ch.FileDispatcherImpl.write0(Native Method)
	at java.base/sun.nio.ch.SocketDispatcher.write(SocketDispatcher.java:62)
	at java.base/sun.nio.ch.IOUtil.writeFromNativeBuffer(IOUtil.java:132)
	at java.base/sun.nio.ch.IOUtil.write(IOUtil.java:97)
	at java.base/sun.nio.ch.IOUtil.write(IOUtil.java:53)
	at java.base/sun.nio.ch.SocketChannelImpl.write(SocketChannelImpl.java:532)
	at org.apache.tomcat.util.net.NioChannel.write(NioChannel.java:118)
	at org.apache.tomcat.util.net.NioEndpoint$NioSocketWrapper.doWrite(NioEndpoint.java:1381)
	at org.apache.tomcat.util.net.SocketWrapperBase.doWrite(SocketWrapperBase.java:764)
	at org.apache.tomcat.util.net.SocketWrapperBase.flushBlocking(SocketWrapperBase.java:728)
	at org.apache.tomcat.util.net.SocketWrapperBase.flush(SocketWrapperBase.java:712)
	at org.apache.coyote.http11.Http11OutputBuffer$SocketOutputBuffer.flush(Http11OutputBuffer.java:566)
	at org.apache.coyote.http11.filters.ChunkedOutputFilter.flush(ChunkedOutputFilter.java:157)
	at org.apache.coyote.http11.Http11OutputBuffer.flush(Http11OutputBuffer.java:220)
	at org.apache.coyote.http11.Http11Processor.flush(Http11Processor.java:1245)
	at org.apache.coyote.AbstractProcessor.action(AbstractProcessor.java:400)
	at org.apache.coyote.Response.action(Response.java:208)
	at org.apache.catalina.connector.OutputBuffer.doFlush(OutputBuffer.java:301)
	at org.apache.catalina.connector.OutputBuffer.flush(OutputBuffer.java:267)
	at org.apache.catalina.connector.CoyoteOutputStream.flush(CoyoteOutputStream.java:120)
	at java.base/java.io.FilterOutputStream.flush(FilterOutputStream.java:153)
	at com.fasterxml.jackson.core.json.UTF8JsonGenerator.flush(UTF8JsonGenerator.java:1200)
	at com.fasterxml.jackson.databind.ObjectWriter.writeValue(ObjectWriter.java:1063)
	at org.springframework.http.converter.json.AbstractJackson2HttpMessageConverter.writeInternal(AbstractJackson2HttpMessageConverter.java:483)
	at org.springframework.http.converter.AbstractGenericHttpMessageConverter.writeInternal(AbstractGenericHttpMessageConverter.java:123)
	at org.springframework.http.converter.AbstractHttpMessageConverter.write(AbstractHttpMessageConverter.java:236)
	at org.springframework.web.servlet.mvc.method.annotation.ResponseBodyEmitterReturnValueHandler$HttpMessageConvertingHandler.sendInternal(ResponseBodyEmitterReturnValueHandler.java:221)
	at org.springframework.web.servlet.mvc.method.annotation.ResponseBodyEmitterReturnValueHandler$HttpMessageConvertingHandler.send(ResponseBodyEmitterReturnValueHandler.java:212)
	at org.springframework.web.servlet.mvc.method.annotation.ResponseBodyEmitter.sendInternal(ResponseBodyEmitter.java:234)
	at org.springframework.web.servlet.mvc.method.annotation.ResponseBodyEmitter.send(ResponseBodyEmitter.java:225)
	at org.springframework.web.servlet.mvc.method.annotation.SseEmitter.send(SseEmitter.java:135)
	at org.springframework.web.servlet.mvc.method.annotation.SseEmitter.send(SseEmitter.java:118)
	at org.springframework.web.servlet.mvc.method.annotation.ReactiveTypeHandler$SseEmitterSubscriber.send(ReactiveTypeHandler.java:391)
	at org.springframework.web.servlet.mvc.method.annotation.ReactiveTypeHandler$AbstractEmitterSubscriber.run(ReactiveTypeHandler.java:332)
	at java.base/java.util.concurrent.ThreadPoolExecutor.runWorker(ThreadPoolExecutor.java:1136)
	at java.base/java.util.concurrent.ThreadPoolExecutor$Worker.run(ThreadPoolExecutor.java:635)
	at java.base/java.lang.Thread.run(Thread.java:842)
25-04-15.00:52:24.266 [main            ] WARN  DnsServerAddressStreamProviders - Can not find io.netty.resolver.dns.macos.MacOSDnsServerAddressStreamProvider in the classpath, fallback to system defaults. This may result in incorrect DNS resolutions on MacOS. Check whether you have a dependency on 'io.netty:netty-resolver-dns-native-macos'
25-04-15.00:58:15.602 [http-nio-8090-exec-10] ERROR [dispatcherServlet]    - Servlet.service() for servlet [dispatcherServlet] threw exception
java.io.IOException: Broken pipe
	at java.base/sun.nio.ch.FileDispatcherImpl.write0(Native Method)
	at java.base/sun.nio.ch.SocketDispatcher.write(SocketDispatcher.java:62)
	at java.base/sun.nio.ch.IOUtil.writeFromNativeBuffer(IOUtil.java:132)
	at java.base/sun.nio.ch.IOUtil.write(IOUtil.java:97)
	at java.base/sun.nio.ch.IOUtil.write(IOUtil.java:53)
	at java.base/sun.nio.ch.SocketChannelImpl.write(SocketChannelImpl.java:532)
	at org.apache.tomcat.util.net.NioChannel.write(NioChannel.java:118)
	at org.apache.tomcat.util.net.NioEndpoint$NioSocketWrapper.doWrite(NioEndpoint.java:1381)
	at org.apache.tomcat.util.net.SocketWrapperBase.doWrite(SocketWrapperBase.java:764)
	at org.apache.tomcat.util.net.SocketWrapperBase.flushBlocking(SocketWrapperBase.java:728)
	at org.apache.tomcat.util.net.SocketWrapperBase.flush(SocketWrapperBase.java:712)
	at org.apache.coyote.http11.Http11OutputBuffer$SocketOutputBuffer.flush(Http11OutputBuffer.java:566)
	at org.apache.coyote.http11.filters.ChunkedOutputFilter.flush(ChunkedOutputFilter.java:157)
	at org.apache.coyote.http11.Http11OutputBuffer.flush(Http11OutputBuffer.java:220)
	at org.apache.coyote.http11.Http11Processor.flush(Http11Processor.java:1245)
	at org.apache.coyote.AbstractProcessor.action(AbstractProcessor.java:400)
	at org.apache.coyote.Response.action(Response.java:208)
	at org.apache.catalina.connector.OutputBuffer.doFlush(OutputBuffer.java:301)
	at org.apache.catalina.connector.OutputBuffer.flush(OutputBuffer.java:267)
	at org.apache.catalina.connector.CoyoteOutputStream.flush(CoyoteOutputStream.java:120)
	at java.base/java.io.FilterOutputStream.flush(FilterOutputStream.java:153)
	at com.fasterxml.jackson.core.json.UTF8JsonGenerator.flush(UTF8JsonGenerator.java:1200)
	at com.fasterxml.jackson.databind.ObjectWriter.writeValue(ObjectWriter.java:1063)
	at org.springframework.http.converter.json.AbstractJackson2HttpMessageConverter.writeInternal(AbstractJackson2HttpMessageConverter.java:483)
	at org.springframework.http.converter.AbstractGenericHttpMessageConverter.writeInternal(AbstractGenericHttpMessageConverter.java:123)
	at org.springframework.http.converter.AbstractHttpMessageConverter.write(AbstractHttpMessageConverter.java:236)
	at org.springframework.web.servlet.mvc.method.annotation.ResponseBodyEmitterReturnValueHandler$HttpMessageConvertingHandler.sendInternal(ResponseBodyEmitterReturnValueHandler.java:221)
	at org.springframework.web.servlet.mvc.method.annotation.ResponseBodyEmitterReturnValueHandler$HttpMessageConvertingHandler.send(ResponseBodyEmitterReturnValueHandler.java:212)
	at org.springframework.web.servlet.mvc.method.annotation.ResponseBodyEmitter.sendInternal(ResponseBodyEmitter.java:234)
	at org.springframework.web.servlet.mvc.method.annotation.ResponseBodyEmitter.send(ResponseBodyEmitter.java:225)
	at org.springframework.web.servlet.mvc.method.annotation.SseEmitter.send(SseEmitter.java:135)
	at org.springframework.web.servlet.mvc.method.annotation.SseEmitter.send(SseEmitter.java:118)
	at org.springframework.web.servlet.mvc.method.annotation.ReactiveTypeHandler$SseEmitterSubscriber.send(ReactiveTypeHandler.java:391)
	at org.springframework.web.servlet.mvc.method.annotation.ReactiveTypeHandler$AbstractEmitterSubscriber.run(ReactiveTypeHandler.java:332)
	at java.base/java.util.concurrent.ThreadPoolExecutor.runWorker(ThreadPoolExecutor.java:1136)
	at java.base/java.util.concurrent.ThreadPoolExecutor$Worker.run(ThreadPoolExecutor.java:635)
	at java.base/java.lang.Thread.run(Thread.java:842)
25-04-15.00:58:15.605 [http-nio-8090-exec-10] ERROR [localhost]            - Exception Processing [ErrorPage[errorCode=0, location=/error]]
java.io.IOException: Broken pipe
	at java.base/sun.nio.ch.FileDispatcherImpl.write0(Native Method)
	at java.base/sun.nio.ch.SocketDispatcher.write(SocketDispatcher.java:62)
	at java.base/sun.nio.ch.IOUtil.writeFromNativeBuffer(IOUtil.java:132)
	at java.base/sun.nio.ch.IOUtil.write(IOUtil.java:97)
	at java.base/sun.nio.ch.IOUtil.write(IOUtil.java:53)
	at java.base/sun.nio.ch.SocketChannelImpl.write(SocketChannelImpl.java:532)
	at org.apache.tomcat.util.net.NioChannel.write(NioChannel.java:118)
	at org.apache.tomcat.util.net.NioEndpoint$NioSocketWrapper.doWrite(NioEndpoint.java:1381)
	at org.apache.tomcat.util.net.SocketWrapperBase.doWrite(SocketWrapperBase.java:764)
	at org.apache.tomcat.util.net.SocketWrapperBase.flushBlocking(SocketWrapperBase.java:728)
	at org.apache.tomcat.util.net.SocketWrapperBase.flush(SocketWrapperBase.java:712)
	at org.apache.coyote.http11.Http11OutputBuffer$SocketOutputBuffer.flush(Http11OutputBuffer.java:566)
	at org.apache.coyote.http11.filters.ChunkedOutputFilter.flush(ChunkedOutputFilter.java:157)
	at org.apache.coyote.http11.Http11OutputBuffer.flush(Http11OutputBuffer.java:220)
	at org.apache.coyote.http11.Http11Processor.flush(Http11Processor.java:1245)
	at org.apache.coyote.AbstractProcessor.action(AbstractProcessor.java:400)
	at org.apache.coyote.Response.action(Response.java:208)
	at org.apache.catalina.connector.OutputBuffer.doFlush(OutputBuffer.java:301)
	at org.apache.catalina.connector.OutputBuffer.flush(OutputBuffer.java:267)
	at org.apache.catalina.connector.CoyoteOutputStream.flush(CoyoteOutputStream.java:120)
	at java.base/java.io.FilterOutputStream.flush(FilterOutputStream.java:153)
	at com.fasterxml.jackson.core.json.UTF8JsonGenerator.flush(UTF8JsonGenerator.java:1200)
	at com.fasterxml.jackson.databind.ObjectWriter.writeValue(ObjectWriter.java:1063)
	at org.springframework.http.converter.json.AbstractJackson2HttpMessageConverter.writeInternal(AbstractJackson2HttpMessageConverter.java:483)
	at org.springframework.http.converter.AbstractGenericHttpMessageConverter.writeInternal(AbstractGenericHttpMessageConverter.java:123)
	at org.springframework.http.converter.AbstractHttpMessageConverter.write(AbstractHttpMessageConverter.java:236)
	at org.springframework.web.servlet.mvc.method.annotation.ResponseBodyEmitterReturnValueHandler$HttpMessageConvertingHandler.sendInternal(ResponseBodyEmitterReturnValueHandler.java:221)
	at org.springframework.web.servlet.mvc.method.annotation.ResponseBodyEmitterReturnValueHandler$HttpMessageConvertingHandler.send(ResponseBodyEmitterReturnValueHandler.java:212)
	at org.springframework.web.servlet.mvc.method.annotation.ResponseBodyEmitter.sendInternal(ResponseBodyEmitter.java:234)
	at org.springframework.web.servlet.mvc.method.annotation.ResponseBodyEmitter.send(ResponseBodyEmitter.java:225)
	at org.springframework.web.servlet.mvc.method.annotation.SseEmitter.send(SseEmitter.java:135)
	at org.springframework.web.servlet.mvc.method.annotation.SseEmitter.send(SseEmitter.java:118)
	at org.springframework.web.servlet.mvc.method.annotation.ReactiveTypeHandler$SseEmitterSubscriber.send(ReactiveTypeHandler.java:391)
	at org.springframework.web.servlet.mvc.method.annotation.ReactiveTypeHandler$AbstractEmitterSubscriber.run(ReactiveTypeHandler.java:332)
	at java.base/java.util.concurrent.ThreadPoolExecutor.runWorker(ThreadPoolExecutor.java:1136)
	at java.base/java.util.concurrent.ThreadPoolExecutor$Worker.run(ThreadPoolExecutor.java:635)
	at java.base/java.lang.Thread.run(Thread.java:842)
25-04-15.01:03:39.145 [http-nio-8090-exec-9] ERROR [dispatcherServlet]    - Servlet.service() for servlet [dispatcherServlet] threw exception
java.io.IOException: Broken pipe
	at java.base/sun.nio.ch.FileDispatcherImpl.write0(Native Method)
	at java.base/sun.nio.ch.SocketDispatcher.write(SocketDispatcher.java:62)
	at java.base/sun.nio.ch.IOUtil.writeFromNativeBuffer(IOUtil.java:132)
	at java.base/sun.nio.ch.IOUtil.write(IOUtil.java:97)
	at java.base/sun.nio.ch.IOUtil.write(IOUtil.java:53)
	at java.base/sun.nio.ch.SocketChannelImpl.write(SocketChannelImpl.java:532)
	at org.apache.tomcat.util.net.NioChannel.write(NioChannel.java:118)
	at org.apache.tomcat.util.net.NioEndpoint$NioSocketWrapper.doWrite(NioEndpoint.java:1381)
	at org.apache.tomcat.util.net.SocketWrapperBase.doWrite(SocketWrapperBase.java:764)
	at org.apache.tomcat.util.net.SocketWrapperBase.flushBlocking(SocketWrapperBase.java:728)
	at org.apache.tomcat.util.net.SocketWrapperBase.flush(SocketWrapperBase.java:712)
	at org.apache.coyote.http11.Http11OutputBuffer$SocketOutputBuffer.flush(Http11OutputBuffer.java:566)
	at org.apache.coyote.http11.filters.ChunkedOutputFilter.flush(ChunkedOutputFilter.java:157)
	at org.apache.coyote.http11.Http11OutputBuffer.flush(Http11OutputBuffer.java:220)
	at org.apache.coyote.http11.Http11Processor.flush(Http11Processor.java:1245)
	at org.apache.coyote.AbstractProcessor.action(AbstractProcessor.java:400)
	at org.apache.coyote.Response.action(Response.java:208)
	at org.apache.catalina.connector.OutputBuffer.doFlush(OutputBuffer.java:301)
	at org.apache.catalina.connector.OutputBuffer.flush(OutputBuffer.java:267)
	at org.apache.catalina.connector.CoyoteOutputStream.flush(CoyoteOutputStream.java:120)
	at java.base/java.io.FilterOutputStream.flush(FilterOutputStream.java:153)
	at com.fasterxml.jackson.core.json.UTF8JsonGenerator.flush(UTF8JsonGenerator.java:1200)
	at com.fasterxml.jackson.databind.ObjectWriter.writeValue(ObjectWriter.java:1063)
	at org.springframework.http.converter.json.AbstractJackson2HttpMessageConverter.writeInternal(AbstractJackson2HttpMessageConverter.java:483)
	at org.springframework.http.converter.AbstractGenericHttpMessageConverter.writeInternal(AbstractGenericHttpMessageConverter.java:123)
	at org.springframework.http.converter.AbstractHttpMessageConverter.write(AbstractHttpMessageConverter.java:236)
	at org.springframework.web.servlet.mvc.method.annotation.ResponseBodyEmitterReturnValueHandler$HttpMessageConvertingHandler.sendInternal(ResponseBodyEmitterReturnValueHandler.java:221)
	at org.springframework.web.servlet.mvc.method.annotation.ResponseBodyEmitterReturnValueHandler$HttpMessageConvertingHandler.send(ResponseBodyEmitterReturnValueHandler.java:212)
	at org.springframework.web.servlet.mvc.method.annotation.ResponseBodyEmitter.sendInternal(ResponseBodyEmitter.java:234)
	at org.springframework.web.servlet.mvc.method.annotation.ResponseBodyEmitter.send(ResponseBodyEmitter.java:225)
	at org.springframework.web.servlet.mvc.method.annotation.SseEmitter.send(SseEmitter.java:135)
	at org.springframework.web.servlet.mvc.method.annotation.SseEmitter.send(SseEmitter.java:118)
	at org.springframework.web.servlet.mvc.method.annotation.ReactiveTypeHandler$SseEmitterSubscriber.send(ReactiveTypeHandler.java:391)
	at org.springframework.web.servlet.mvc.method.annotation.ReactiveTypeHandler$AbstractEmitterSubscriber.run(ReactiveTypeHandler.java:332)
	at java.base/java.util.concurrent.ThreadPoolExecutor.runWorker(ThreadPoolExecutor.java:1136)
	at java.base/java.util.concurrent.ThreadPoolExecutor$Worker.run(ThreadPoolExecutor.java:635)
	at java.base/java.lang.Thread.run(Thread.java:842)
25-04-15.01:03:39.145 [http-nio-8090-exec-7] ERROR [dispatcherServlet]    - Servlet.service() for servlet [dispatcherServlet] threw exception
java.io.IOException: Broken pipe
	at java.base/sun.nio.ch.FileDispatcherImpl.write0(Native Method)
	at java.base/sun.nio.ch.SocketDispatcher.write(SocketDispatcher.java:62)
	at java.base/sun.nio.ch.IOUtil.writeFromNativeBuffer(IOUtil.java:132)
	at java.base/sun.nio.ch.IOUtil.write(IOUtil.java:97)
	at java.base/sun.nio.ch.IOUtil.write(IOUtil.java:53)
	at java.base/sun.nio.ch.SocketChannelImpl.write(SocketChannelImpl.java:532)
	at org.apache.tomcat.util.net.NioChannel.write(NioChannel.java:118)
	at org.apache.tomcat.util.net.NioEndpoint$NioSocketWrapper.doWrite(NioEndpoint.java:1381)
	at org.apache.tomcat.util.net.SocketWrapperBase.doWrite(SocketWrapperBase.java:764)
	at org.apache.tomcat.util.net.SocketWrapperBase.flushBlocking(SocketWrapperBase.java:728)
	at org.apache.tomcat.util.net.SocketWrapperBase.flush(SocketWrapperBase.java:712)
	at org.apache.coyote.http11.Http11OutputBuffer$SocketOutputBuffer.flush(Http11OutputBuffer.java:566)
	at org.apache.coyote.http11.filters.ChunkedOutputFilter.flush(ChunkedOutputFilter.java:157)
	at org.apache.coyote.http11.Http11OutputBuffer.flush(Http11OutputBuffer.java:220)
	at org.apache.coyote.http11.Http11Processor.flush(Http11Processor.java:1245)
	at org.apache.coyote.AbstractProcessor.action(AbstractProcessor.java:400)
	at org.apache.coyote.Response.action(Response.java:208)
	at org.apache.catalina.connector.OutputBuffer.doFlush(OutputBuffer.java:301)
	at org.apache.catalina.connector.OutputBuffer.flush(OutputBuffer.java:267)
	at org.apache.catalina.connector.CoyoteOutputStream.flush(CoyoteOutputStream.java:120)
	at java.base/java.io.FilterOutputStream.flush(FilterOutputStream.java:153)
	at com.fasterxml.jackson.core.json.UTF8JsonGenerator.flush(UTF8JsonGenerator.java:1200)
	at com.fasterxml.jackson.databind.ObjectWriter.writeValue(ObjectWriter.java:1063)
	at org.springframework.http.converter.json.AbstractJackson2HttpMessageConverter.writeInternal(AbstractJackson2HttpMessageConverter.java:483)
	at org.springframework.http.converter.AbstractGenericHttpMessageConverter.writeInternal(AbstractGenericHttpMessageConverter.java:123)
	at org.springframework.http.converter.AbstractHttpMessageConverter.write(AbstractHttpMessageConverter.java:236)
	at org.springframework.web.servlet.mvc.method.annotation.ResponseBodyEmitterReturnValueHandler$HttpMessageConvertingHandler.sendInternal(ResponseBodyEmitterReturnValueHandler.java:221)
	at org.springframework.web.servlet.mvc.method.annotation.ResponseBodyEmitterReturnValueHandler$HttpMessageConvertingHandler.send(ResponseBodyEmitterReturnValueHandler.java:212)
	at org.springframework.web.servlet.mvc.method.annotation.ResponseBodyEmitter.sendInternal(ResponseBodyEmitter.java:234)
	at org.springframework.web.servlet.mvc.method.annotation.ResponseBodyEmitter.send(ResponseBodyEmitter.java:225)
	at org.springframework.web.servlet.mvc.method.annotation.SseEmitter.send(SseEmitter.java:135)
	at org.springframework.web.servlet.mvc.method.annotation.SseEmitter.send(SseEmitter.java:118)
	at org.springframework.web.servlet.mvc.method.annotation.ReactiveTypeHandler$SseEmitterSubscriber.send(ReactiveTypeHandler.java:391)
	at org.springframework.web.servlet.mvc.method.annotation.ReactiveTypeHandler$AbstractEmitterSubscriber.run(ReactiveTypeHandler.java:332)
	at java.base/java.util.concurrent.ThreadPoolExecutor.runWorker(ThreadPoolExecutor.java:1136)
	at java.base/java.util.concurrent.ThreadPoolExecutor$Worker.run(ThreadPoolExecutor.java:635)
	at java.base/java.lang.Thread.run(Thread.java:842)
25-04-15.01:03:39.146 [http-nio-8090-exec-7] ERROR [localhost]            - Exception Processing [ErrorPage[errorCode=0, location=/error]]
java.io.IOException: Broken pipe
	at java.base/sun.nio.ch.FileDispatcherImpl.write0(Native Method)
	at java.base/sun.nio.ch.SocketDispatcher.write(SocketDispatcher.java:62)
	at java.base/sun.nio.ch.IOUtil.writeFromNativeBuffer(IOUtil.java:132)
	at java.base/sun.nio.ch.IOUtil.write(IOUtil.java:97)
	at java.base/sun.nio.ch.IOUtil.write(IOUtil.java:53)
	at java.base/sun.nio.ch.SocketChannelImpl.write(SocketChannelImpl.java:532)
	at org.apache.tomcat.util.net.NioChannel.write(NioChannel.java:118)
	at org.apache.tomcat.util.net.NioEndpoint$NioSocketWrapper.doWrite(NioEndpoint.java:1381)
	at org.apache.tomcat.util.net.SocketWrapperBase.doWrite(SocketWrapperBase.java:764)
	at org.apache.tomcat.util.net.SocketWrapperBase.flushBlocking(SocketWrapperBase.java:728)
	at org.apache.tomcat.util.net.SocketWrapperBase.flush(SocketWrapperBase.java:712)
	at org.apache.coyote.http11.Http11OutputBuffer$SocketOutputBuffer.flush(Http11OutputBuffer.java:566)
	at org.apache.coyote.http11.filters.ChunkedOutputFilter.flush(ChunkedOutputFilter.java:157)
	at org.apache.coyote.http11.Http11OutputBuffer.flush(Http11OutputBuffer.java:220)
	at org.apache.coyote.http11.Http11Processor.flush(Http11Processor.java:1245)
	at org.apache.coyote.AbstractProcessor.action(AbstractProcessor.java:400)
	at org.apache.coyote.Response.action(Response.java:208)
	at org.apache.catalina.connector.OutputBuffer.doFlush(OutputBuffer.java:301)
	at org.apache.catalina.connector.OutputBuffer.flush(OutputBuffer.java:267)
	at org.apache.catalina.connector.CoyoteOutputStream.flush(CoyoteOutputStream.java:120)
	at java.base/java.io.FilterOutputStream.flush(FilterOutputStream.java:153)
	at com.fasterxml.jackson.core.json.UTF8JsonGenerator.flush(UTF8JsonGenerator.java:1200)
	at com.fasterxml.jackson.databind.ObjectWriter.writeValue(ObjectWriter.java:1063)
	at org.springframework.http.converter.json.AbstractJackson2HttpMessageConverter.writeInternal(AbstractJackson2HttpMessageConverter.java:483)
	at org.springframework.http.converter.AbstractGenericHttpMessageConverter.writeInternal(AbstractGenericHttpMessageConverter.java:123)
	at org.springframework.http.converter.AbstractHttpMessageConverter.write(AbstractHttpMessageConverter.java:236)
	at org.springframework.web.servlet.mvc.method.annotation.ResponseBodyEmitterReturnValueHandler$HttpMessageConvertingHandler.sendInternal(ResponseBodyEmitterReturnValueHandler.java:221)
	at org.springframework.web.servlet.mvc.method.annotation.ResponseBodyEmitterReturnValueHandler$HttpMessageConvertingHandler.send(ResponseBodyEmitterReturnValueHandler.java:212)
	at org.springframework.web.servlet.mvc.method.annotation.ResponseBodyEmitter.sendInternal(ResponseBodyEmitter.java:234)
	at org.springframework.web.servlet.mvc.method.annotation.ResponseBodyEmitter.send(ResponseBodyEmitter.java:225)
	at org.springframework.web.servlet.mvc.method.annotation.SseEmitter.send(SseEmitter.java:135)
	at org.springframework.web.servlet.mvc.method.annotation.SseEmitter.send(SseEmitter.java:118)
	at org.springframework.web.servlet.mvc.method.annotation.ReactiveTypeHandler$SseEmitterSubscriber.send(ReactiveTypeHandler.java:391)
	at org.springframework.web.servlet.mvc.method.annotation.ReactiveTypeHandler$AbstractEmitterSubscriber.run(ReactiveTypeHandler.java:332)
	at java.base/java.util.concurrent.ThreadPoolExecutor.runWorker(ThreadPoolExecutor.java:1136)
	at java.base/java.util.concurrent.ThreadPoolExecutor$Worker.run(ThreadPoolExecutor.java:635)
	at java.base/java.lang.Thread.run(Thread.java:842)
25-04-15.01:03:39.146 [http-nio-8090-exec-9] ERROR [localhost]            - Exception Processing [ErrorPage[errorCode=0, location=/error]]
java.io.IOException: Broken pipe
	at java.base/sun.nio.ch.FileDispatcherImpl.write0(Native Method)
	at java.base/sun.nio.ch.SocketDispatcher.write(SocketDispatcher.java:62)
	at java.base/sun.nio.ch.IOUtil.writeFromNativeBuffer(IOUtil.java:132)
	at java.base/sun.nio.ch.IOUtil.write(IOUtil.java:97)
	at java.base/sun.nio.ch.IOUtil.write(IOUtil.java:53)
	at java.base/sun.nio.ch.SocketChannelImpl.write(SocketChannelImpl.java:532)
	at org.apache.tomcat.util.net.NioChannel.write(NioChannel.java:118)
	at org.apache.tomcat.util.net.NioEndpoint$NioSocketWrapper.doWrite(NioEndpoint.java:1381)
	at org.apache.tomcat.util.net.SocketWrapperBase.doWrite(SocketWrapperBase.java:764)
	at org.apache.tomcat.util.net.SocketWrapperBase.flushBlocking(SocketWrapperBase.java:728)
	at org.apache.tomcat.util.net.SocketWrapperBase.flush(SocketWrapperBase.java:712)
	at org.apache.coyote.http11.Http11OutputBuffer$SocketOutputBuffer.flush(Http11OutputBuffer.java:566)
	at org.apache.coyote.http11.filters.ChunkedOutputFilter.flush(ChunkedOutputFilter.java:157)
	at org.apache.coyote.http11.Http11OutputBuffer.flush(Http11OutputBuffer.java:220)
	at org.apache.coyote.http11.Http11Processor.flush(Http11Processor.java:1245)
	at org.apache.coyote.AbstractProcessor.action(AbstractProcessor.java:400)
	at org.apache.coyote.Response.action(Response.java:208)
	at org.apache.catalina.connector.OutputBuffer.doFlush(OutputBuffer.java:301)
	at org.apache.catalina.connector.OutputBuffer.flush(OutputBuffer.java:267)
	at org.apache.catalina.connector.CoyoteOutputStream.flush(CoyoteOutputStream.java:120)
	at java.base/java.io.FilterOutputStream.flush(FilterOutputStream.java:153)
	at com.fasterxml.jackson.core.json.UTF8JsonGenerator.flush(UTF8JsonGenerator.java:1200)
	at com.fasterxml.jackson.databind.ObjectWriter.writeValue(ObjectWriter.java:1063)
	at org.springframework.http.converter.json.AbstractJackson2HttpMessageConverter.writeInternal(AbstractJackson2HttpMessageConverter.java:483)
	at org.springframework.http.converter.AbstractGenericHttpMessageConverter.writeInternal(AbstractGenericHttpMessageConverter.java:123)
	at org.springframework.http.converter.AbstractHttpMessageConverter.write(AbstractHttpMessageConverter.java:236)
	at org.springframework.web.servlet.mvc.method.annotation.ResponseBodyEmitterReturnValueHandler$HttpMessageConvertingHandler.sendInternal(ResponseBodyEmitterReturnValueHandler.java:221)
	at org.springframework.web.servlet.mvc.method.annotation.ResponseBodyEmitterReturnValueHandler$HttpMessageConvertingHandler.send(ResponseBodyEmitterReturnValueHandler.java:212)
	at org.springframework.web.servlet.mvc.method.annotation.ResponseBodyEmitter.sendInternal(ResponseBodyEmitter.java:234)
	at org.springframework.web.servlet.mvc.method.annotation.ResponseBodyEmitter.send(ResponseBodyEmitter.java:225)
	at org.springframework.web.servlet.mvc.method.annotation.SseEmitter.send(SseEmitter.java:135)
	at org.springframework.web.servlet.mvc.method.annotation.SseEmitter.send(SseEmitter.java:118)
	at org.springframework.web.servlet.mvc.method.annotation.ReactiveTypeHandler$SseEmitterSubscriber.send(ReactiveTypeHandler.java:391)
	at org.springframework.web.servlet.mvc.method.annotation.ReactiveTypeHandler$AbstractEmitterSubscriber.run(ReactiveTypeHandler.java:332)
	at java.base/java.util.concurrent.ThreadPoolExecutor.runWorker(ThreadPoolExecutor.java:1136)
	at java.base/java.util.concurrent.ThreadPoolExecutor$Worker.run(ThreadPoolExecutor.java:635)
	at java.base/java.lang.Thread.run(Thread.java:842)
25-04-15.01:03:39.146 [http-nio-8090-exec-8] ERROR [dispatcherServlet]    - Servlet.service() for servlet [dispatcherServlet] threw exception
java.io.IOException: Broken pipe
	at java.base/sun.nio.ch.FileDispatcherImpl.write0(Native Method)
	at java.base/sun.nio.ch.SocketDispatcher.write(SocketDispatcher.java:62)
	at java.base/sun.nio.ch.IOUtil.writeFromNativeBuffer(IOUtil.java:132)
	at java.base/sun.nio.ch.IOUtil.write(IOUtil.java:97)
	at java.base/sun.nio.ch.IOUtil.write(IOUtil.java:53)
	at java.base/sun.nio.ch.SocketChannelImpl.write(SocketChannelImpl.java:532)
	at org.apache.tomcat.util.net.NioChannel.write(NioChannel.java:118)
	at org.apache.tomcat.util.net.NioEndpoint$NioSocketWrapper.doWrite(NioEndpoint.java:1381)
	at org.apache.tomcat.util.net.SocketWrapperBase.doWrite(SocketWrapperBase.java:764)
	at org.apache.tomcat.util.net.SocketWrapperBase.flushBlocking(SocketWrapperBase.java:728)
	at org.apache.tomcat.util.net.SocketWrapperBase.flush(SocketWrapperBase.java:712)
	at org.apache.coyote.http11.Http11OutputBuffer$SocketOutputBuffer.flush(Http11OutputBuffer.java:566)
	at org.apache.coyote.http11.filters.ChunkedOutputFilter.flush(ChunkedOutputFilter.java:157)
	at org.apache.coyote.http11.Http11OutputBuffer.flush(Http11OutputBuffer.java:220)
	at org.apache.coyote.http11.Http11Processor.flush(Http11Processor.java:1245)
	at org.apache.coyote.AbstractProcessor.action(AbstractProcessor.java:400)
	at org.apache.coyote.Response.action(Response.java:208)
	at org.apache.catalina.connector.OutputBuffer.doFlush(OutputBuffer.java:301)
	at org.apache.catalina.connector.OutputBuffer.flush(OutputBuffer.java:267)
	at org.apache.catalina.connector.CoyoteOutputStream.flush(CoyoteOutputStream.java:120)
	at java.base/java.io.FilterOutputStream.flush(FilterOutputStream.java:153)
	at com.fasterxml.jackson.core.json.UTF8JsonGenerator.flush(UTF8JsonGenerator.java:1200)
	at com.fasterxml.jackson.databind.ObjectWriter.writeValue(ObjectWriter.java:1063)
	at org.springframework.http.converter.json.AbstractJackson2HttpMessageConverter.writeInternal(AbstractJackson2HttpMessageConverter.java:483)
	at org.springframework.http.converter.AbstractGenericHttpMessageConverter.writeInternal(AbstractGenericHttpMessageConverter.java:123)
	at org.springframework.http.converter.AbstractHttpMessageConverter.write(AbstractHttpMessageConverter.java:236)
	at org.springframework.web.servlet.mvc.method.annotation.ResponseBodyEmitterReturnValueHandler$HttpMessageConvertingHandler.sendInternal(ResponseBodyEmitterReturnValueHandler.java:221)
	at org.springframework.web.servlet.mvc.method.annotation.ResponseBodyEmitterReturnValueHandler$HttpMessageConvertingHandler.send(ResponseBodyEmitterReturnValueHandler.java:212)
	at org.springframework.web.servlet.mvc.method.annotation.ResponseBodyEmitter.sendInternal(ResponseBodyEmitter.java:234)
	at org.springframework.web.servlet.mvc.method.annotation.ResponseBodyEmitter.send(ResponseBodyEmitter.java:225)
	at org.springframework.web.servlet.mvc.method.annotation.SseEmitter.send(SseEmitter.java:135)
	at org.springframework.web.servlet.mvc.method.annotation.SseEmitter.send(SseEmitter.java:118)
	at org.springframework.web.servlet.mvc.method.annotation.ReactiveTypeHandler$SseEmitterSubscriber.send(ReactiveTypeHandler.java:391)
	at org.springframework.web.servlet.mvc.method.annotation.ReactiveTypeHandler$AbstractEmitterSubscriber.run(ReactiveTypeHandler.java:332)
	at java.base/java.util.concurrent.ThreadPoolExecutor.runWorker(ThreadPoolExecutor.java:1136)
	at java.base/java.util.concurrent.ThreadPoolExecutor$Worker.run(ThreadPoolExecutor.java:635)
	at java.base/java.lang.Thread.run(Thread.java:842)
25-04-15.01:03:39.147 [http-nio-8090-exec-8] ERROR [localhost]            - Exception Processing [ErrorPage[errorCode=0, location=/error]]
java.io.IOException: Broken pipe
	at java.base/sun.nio.ch.FileDispatcherImpl.write0(Native Method)
	at java.base/sun.nio.ch.SocketDispatcher.write(SocketDispatcher.java:62)
	at java.base/sun.nio.ch.IOUtil.writeFromNativeBuffer(IOUtil.java:132)
	at java.base/sun.nio.ch.IOUtil.write(IOUtil.java:97)
	at java.base/sun.nio.ch.IOUtil.write(IOUtil.java:53)
	at java.base/sun.nio.ch.SocketChannelImpl.write(SocketChannelImpl.java:532)
	at org.apache.tomcat.util.net.NioChannel.write(NioChannel.java:118)
	at org.apache.tomcat.util.net.NioEndpoint$NioSocketWrapper.doWrite(NioEndpoint.java:1381)
	at org.apache.tomcat.util.net.SocketWrapperBase.doWrite(SocketWrapperBase.java:764)
	at org.apache.tomcat.util.net.SocketWrapperBase.flushBlocking(SocketWrapperBase.java:728)
	at org.apache.tomcat.util.net.SocketWrapperBase.flush(SocketWrapperBase.java:712)
	at org.apache.coyote.http11.Http11OutputBuffer$SocketOutputBuffer.flush(Http11OutputBuffer.java:566)
	at org.apache.coyote.http11.filters.ChunkedOutputFilter.flush(ChunkedOutputFilter.java:157)
	at org.apache.coyote.http11.Http11OutputBuffer.flush(Http11OutputBuffer.java:220)
	at org.apache.coyote.http11.Http11Processor.flush(Http11Processor.java:1245)
	at org.apache.coyote.AbstractProcessor.action(AbstractProcessor.java:400)
	at org.apache.coyote.Response.action(Response.java:208)
	at org.apache.catalina.connector.OutputBuffer.doFlush(OutputBuffer.java:301)
	at org.apache.catalina.connector.OutputBuffer.flush(OutputBuffer.java:267)
	at org.apache.catalina.connector.CoyoteOutputStream.flush(CoyoteOutputStream.java:120)
	at java.base/java.io.FilterOutputStream.flush(FilterOutputStream.java:153)
	at com.fasterxml.jackson.core.json.UTF8JsonGenerator.flush(UTF8JsonGenerator.java:1200)
	at com.fasterxml.jackson.databind.ObjectWriter.writeValue(ObjectWriter.java:1063)
	at org.springframework.http.converter.json.AbstractJackson2HttpMessageConverter.writeInternal(AbstractJackson2HttpMessageConverter.java:483)
	at org.springframework.http.converter.AbstractGenericHttpMessageConverter.writeInternal(AbstractGenericHttpMessageConverter.java:123)
	at org.springframework.http.converter.AbstractHttpMessageConverter.write(AbstractHttpMessageConverter.java:236)
	at org.springframework.web.servlet.mvc.method.annotation.ResponseBodyEmitterReturnValueHandler$HttpMessageConvertingHandler.sendInternal(ResponseBodyEmitterReturnValueHandler.java:221)
	at org.springframework.web.servlet.mvc.method.annotation.ResponseBodyEmitterReturnValueHandler$HttpMessageConvertingHandler.send(ResponseBodyEmitterReturnValueHandler.java:212)
	at org.springframework.web.servlet.mvc.method.annotation.ResponseBodyEmitter.sendInternal(ResponseBodyEmitter.java:234)
	at org.springframework.web.servlet.mvc.method.annotation.ResponseBodyEmitter.send(ResponseBodyEmitter.java:225)
	at org.springframework.web.servlet.mvc.method.annotation.SseEmitter.send(SseEmitter.java:135)
	at org.springframework.web.servlet.mvc.method.annotation.SseEmitter.send(SseEmitter.java:118)
	at org.springframework.web.servlet.mvc.method.annotation.ReactiveTypeHandler$SseEmitterSubscriber.send(ReactiveTypeHandler.java:391)
	at org.springframework.web.servlet.mvc.method.annotation.ReactiveTypeHandler$AbstractEmitterSubscriber.run(ReactiveTypeHandler.java:332)
	at java.base/java.util.concurrent.ThreadPoolExecutor.runWorker(ThreadPoolExecutor.java:1136)
	at java.base/java.util.concurrent.ThreadPoolExecutor$Worker.run(ThreadPoolExecutor.java:635)
	at java.base/java.lang.Thread.run(Thread.java:842)
25-04-15.01:06:49.494 [http-nio-8090-exec-1] ERROR [dispatcherServlet]    - Servlet.service() for servlet [dispatcherServlet] threw exception
java.io.IOException: Broken pipe
	at java.base/sun.nio.ch.FileDispatcherImpl.write0(Native Method)
	at java.base/sun.nio.ch.SocketDispatcher.write(SocketDispatcher.java:62)
	at java.base/sun.nio.ch.IOUtil.writeFromNativeBuffer(IOUtil.java:132)
	at java.base/sun.nio.ch.IOUtil.write(IOUtil.java:97)
	at java.base/sun.nio.ch.IOUtil.write(IOUtil.java:53)
	at java.base/sun.nio.ch.SocketChannelImpl.write(SocketChannelImpl.java:532)
	at org.apache.tomcat.util.net.NioChannel.write(NioChannel.java:118)
	at org.apache.tomcat.util.net.NioEndpoint$NioSocketWrapper.doWrite(NioEndpoint.java:1381)
	at org.apache.tomcat.util.net.SocketWrapperBase.doWrite(SocketWrapperBase.java:764)
	at org.apache.tomcat.util.net.SocketWrapperBase.flushBlocking(SocketWrapperBase.java:728)
	at org.apache.tomcat.util.net.SocketWrapperBase.flush(SocketWrapperBase.java:712)
	at org.apache.coyote.http11.Http11OutputBuffer$SocketOutputBuffer.flush(Http11OutputBuffer.java:566)
	at org.apache.coyote.http11.filters.ChunkedOutputFilter.flush(ChunkedOutputFilter.java:157)
	at org.apache.coyote.http11.Http11OutputBuffer.flush(Http11OutputBuffer.java:220)
	at org.apache.coyote.http11.Http11Processor.flush(Http11Processor.java:1245)
	at org.apache.coyote.AbstractProcessor.action(AbstractProcessor.java:400)
	at org.apache.coyote.Response.action(Response.java:208)
	at org.apache.catalina.connector.OutputBuffer.doFlush(OutputBuffer.java:301)
	at org.apache.catalina.connector.OutputBuffer.flush(OutputBuffer.java:267)
	at org.apache.catalina.connector.CoyoteOutputStream.flush(CoyoteOutputStream.java:120)
	at org.springframework.util.StreamUtils.copy(StreamUtils.java:135)
	at org.springframework.http.converter.StringHttpMessageConverter.writeInternal(StringHttpMessageConverter.java:128)
	at org.springframework.http.converter.StringHttpMessageConverter.writeInternal(StringHttpMessageConverter.java:44)
	at org.springframework.http.converter.AbstractHttpMessageConverter.write(AbstractHttpMessageConverter.java:236)
	at org.springframework.web.servlet.mvc.method.annotation.ResponseBodyEmitterReturnValueHandler$HttpMessageConvertingHandler.sendInternal(ResponseBodyEmitterReturnValueHandler.java:221)
	at org.springframework.web.servlet.mvc.method.annotation.ResponseBodyEmitterReturnValueHandler$HttpMessageConvertingHandler.send(ResponseBodyEmitterReturnValueHandler.java:212)
	at org.springframework.web.servlet.mvc.method.annotation.ResponseBodyEmitter.sendInternal(ResponseBodyEmitter.java:234)
	at org.springframework.web.servlet.mvc.method.annotation.ResponseBodyEmitter.send(ResponseBodyEmitter.java:225)
	at org.springframework.web.servlet.mvc.method.annotation.SseEmitter.send(SseEmitter.java:135)
	at org.springframework.web.servlet.mvc.method.annotation.SseEmitter.send(SseEmitter.java:118)
	at org.springframework.web.servlet.mvc.method.annotation.ReactiveTypeHandler$SseEmitterSubscriber.send(ReactiveTypeHandler.java:391)
	at org.springframework.web.servlet.mvc.method.annotation.ReactiveTypeHandler$AbstractEmitterSubscriber.run(ReactiveTypeHandler.java:332)
	at java.base/java.util.concurrent.ThreadPoolExecutor.runWorker(ThreadPoolExecutor.java:1136)
	at java.base/java.util.concurrent.ThreadPoolExecutor$Worker.run(ThreadPoolExecutor.java:635)
	at java.base/java.lang.Thread.run(Thread.java:842)
25-04-15.01:06:49.495 [http-nio-8090-exec-1] ERROR [localhost]            - Exception Processing [ErrorPage[errorCode=0, location=/error]]
java.io.IOException: Broken pipe
	at java.base/sun.nio.ch.FileDispatcherImpl.write0(Native Method)
	at java.base/sun.nio.ch.SocketDispatcher.write(SocketDispatcher.java:62)
	at java.base/sun.nio.ch.IOUtil.writeFromNativeBuffer(IOUtil.java:132)
	at java.base/sun.nio.ch.IOUtil.write(IOUtil.java:97)
	at java.base/sun.nio.ch.IOUtil.write(IOUtil.java:53)
	at java.base/sun.nio.ch.SocketChannelImpl.write(SocketChannelImpl.java:532)
	at org.apache.tomcat.util.net.NioChannel.write(NioChannel.java:118)
	at org.apache.tomcat.util.net.NioEndpoint$NioSocketWrapper.doWrite(NioEndpoint.java:1381)
	at org.apache.tomcat.util.net.SocketWrapperBase.doWrite(SocketWrapperBase.java:764)
	at org.apache.tomcat.util.net.SocketWrapperBase.flushBlocking(SocketWrapperBase.java:728)
	at org.apache.tomcat.util.net.SocketWrapperBase.flush(SocketWrapperBase.java:712)
	at org.apache.coyote.http11.Http11OutputBuffer$SocketOutputBuffer.flush(Http11OutputBuffer.java:566)
	at org.apache.coyote.http11.filters.ChunkedOutputFilter.flush(ChunkedOutputFilter.java:157)
	at org.apache.coyote.http11.Http11OutputBuffer.flush(Http11OutputBuffer.java:220)
	at org.apache.coyote.http11.Http11Processor.flush(Http11Processor.java:1245)
	at org.apache.coyote.AbstractProcessor.action(AbstractProcessor.java:400)
	at org.apache.coyote.Response.action(Response.java:208)
	at org.apache.catalina.connector.OutputBuffer.doFlush(OutputBuffer.java:301)
	at org.apache.catalina.connector.OutputBuffer.flush(OutputBuffer.java:267)
	at org.apache.catalina.connector.CoyoteOutputStream.flush(CoyoteOutputStream.java:120)
	at org.springframework.util.StreamUtils.copy(StreamUtils.java:135)
	at org.springframework.http.converter.StringHttpMessageConverter.writeInternal(StringHttpMessageConverter.java:128)
	at org.springframework.http.converter.StringHttpMessageConverter.writeInternal(StringHttpMessageConverter.java:44)
	at org.springframework.http.converter.AbstractHttpMessageConverter.write(AbstractHttpMessageConverter.java:236)
	at org.springframework.web.servlet.mvc.method.annotation.ResponseBodyEmitterReturnValueHandler$HttpMessageConvertingHandler.sendInternal(ResponseBodyEmitterReturnValueHandler.java:221)
	at org.springframework.web.servlet.mvc.method.annotation.ResponseBodyEmitterReturnValueHandler$HttpMessageConvertingHandler.send(ResponseBodyEmitterReturnValueHandler.java:212)
	at org.springframework.web.servlet.mvc.method.annotation.ResponseBodyEmitter.sendInternal(ResponseBodyEmitter.java:234)
	at org.springframework.web.servlet.mvc.method.annotation.ResponseBodyEmitter.send(ResponseBodyEmitter.java:225)
	at org.springframework.web.servlet.mvc.method.annotation.SseEmitter.send(SseEmitter.java:135)
	at org.springframework.web.servlet.mvc.method.annotation.SseEmitter.send(SseEmitter.java:118)
	at org.springframework.web.servlet.mvc.method.annotation.ReactiveTypeHandler$SseEmitterSubscriber.send(ReactiveTypeHandler.java:391)
	at org.springframework.web.servlet.mvc.method.annotation.ReactiveTypeHandler$AbstractEmitterSubscriber.run(ReactiveTypeHandler.java:332)
	at java.base/java.util.concurrent.ThreadPoolExecutor.runWorker(ThreadPoolExecutor.java:1136)
	at java.base/java.util.concurrent.ThreadPoolExecutor$Worker.run(ThreadPoolExecutor.java:635)
	at java.base/java.lang.Thread.run(Thread.java:842)
25-04-15.01:07:12.188 [main            ] WARN  DnsServerAddressStreamProviders - Can not find io.netty.resolver.dns.macos.MacOSDnsServerAddressStreamProvider in the classpath, fallback to system defaults. This may result in incorrect DNS resolutions on MacOS. Check whether you have a dependency on 'io.netty:netty-resolver-dns-native-macos'
25-04-15.01:31:39.809 [http-nio-8090-exec-6] ERROR [dispatcherServlet]    - Servlet.service() for servlet [dispatcherServlet] threw exception
java.io.IOException: Broken pipe
	at java.base/sun.nio.ch.FileDispatcherImpl.write0(Native Method)
	at java.base/sun.nio.ch.SocketDispatcher.write(SocketDispatcher.java:62)
	at java.base/sun.nio.ch.IOUtil.writeFromNativeBuffer(IOUtil.java:132)
	at java.base/sun.nio.ch.IOUtil.write(IOUtil.java:97)
	at java.base/sun.nio.ch.IOUtil.write(IOUtil.java:53)
	at java.base/sun.nio.ch.SocketChannelImpl.write(SocketChannelImpl.java:532)
	at org.apache.tomcat.util.net.NioChannel.write(NioChannel.java:118)
	at org.apache.tomcat.util.net.NioEndpoint$NioSocketWrapper.doWrite(NioEndpoint.java:1381)
	at org.apache.tomcat.util.net.SocketWrapperBase.doWrite(SocketWrapperBase.java:764)
	at org.apache.tomcat.util.net.SocketWrapperBase.flushBlocking(SocketWrapperBase.java:728)
	at org.apache.tomcat.util.net.SocketWrapperBase.flush(SocketWrapperBase.java:712)
	at org.apache.coyote.http11.Http11OutputBuffer$SocketOutputBuffer.flush(Http11OutputBuffer.java:566)
	at org.apache.coyote.http11.filters.ChunkedOutputFilter.flush(ChunkedOutputFilter.java:157)
	at org.apache.coyote.http11.Http11OutputBuffer.flush(Http11OutputBuffer.java:220)
	at org.apache.coyote.http11.Http11Processor.flush(Http11Processor.java:1245)
	at org.apache.coyote.AbstractProcessor.action(AbstractProcessor.java:400)
	at org.apache.coyote.Response.action(Response.java:208)
	at org.apache.catalina.connector.OutputBuffer.doFlush(OutputBuffer.java:301)
	at org.apache.catalina.connector.OutputBuffer.flush(OutputBuffer.java:267)
	at org.apache.catalina.connector.CoyoteOutputStream.flush(CoyoteOutputStream.java:120)
	at org.springframework.util.StreamUtils.copy(StreamUtils.java:135)
	at org.springframework.http.converter.StringHttpMessageConverter.writeInternal(StringHttpMessageConverter.java:128)
	at org.springframework.http.converter.StringHttpMessageConverter.writeInternal(StringHttpMessageConverter.java:44)
	at org.springframework.http.converter.AbstractHttpMessageConverter.write(AbstractHttpMessageConverter.java:236)
	at org.springframework.web.servlet.mvc.method.annotation.ResponseBodyEmitterReturnValueHandler$HttpMessageConvertingHandler.sendInternal(ResponseBodyEmitterReturnValueHandler.java:221)
	at org.springframework.web.servlet.mvc.method.annotation.ResponseBodyEmitterReturnValueHandler$HttpMessageConvertingHandler.send(ResponseBodyEmitterReturnValueHandler.java:212)
	at org.springframework.web.servlet.mvc.method.annotation.ResponseBodyEmitter.sendInternal(ResponseBodyEmitter.java:234)
	at org.springframework.web.servlet.mvc.method.annotation.ResponseBodyEmitter.send(ResponseBodyEmitter.java:225)
	at org.springframework.web.servlet.mvc.method.annotation.SseEmitter.send(SseEmitter.java:135)
	at org.springframework.web.servlet.mvc.method.annotation.SseEmitter.send(SseEmitter.java:118)
	at org.springframework.web.servlet.mvc.method.annotation.ReactiveTypeHandler$SseEmitterSubscriber.send(ReactiveTypeHandler.java:391)
	at org.springframework.web.servlet.mvc.method.annotation.ReactiveTypeHandler$AbstractEmitterSubscriber.run(ReactiveTypeHandler.java:332)
	at java.base/java.util.concurrent.ThreadPoolExecutor.runWorker(ThreadPoolExecutor.java:1136)
	at java.base/java.util.concurrent.ThreadPoolExecutor$Worker.run(ThreadPoolExecutor.java:635)
	at java.base/java.lang.Thread.run(Thread.java:842)
25-04-15.01:31:39.811 [http-nio-8090-exec-6] ERROR [localhost]            - Exception Processing [ErrorPage[errorCode=0, location=/error]]
java.io.IOException: Broken pipe
	at java.base/sun.nio.ch.FileDispatcherImpl.write0(Native Method)
	at java.base/sun.nio.ch.SocketDispatcher.write(SocketDispatcher.java:62)
	at java.base/sun.nio.ch.IOUtil.writeFromNativeBuffer(IOUtil.java:132)
	at java.base/sun.nio.ch.IOUtil.write(IOUtil.java:97)
	at java.base/sun.nio.ch.IOUtil.write(IOUtil.java:53)
	at java.base/sun.nio.ch.SocketChannelImpl.write(SocketChannelImpl.java:532)
	at org.apache.tomcat.util.net.NioChannel.write(NioChannel.java:118)
	at org.apache.tomcat.util.net.NioEndpoint$NioSocketWrapper.doWrite(NioEndpoint.java:1381)
	at org.apache.tomcat.util.net.SocketWrapperBase.doWrite(SocketWrapperBase.java:764)
	at org.apache.tomcat.util.net.SocketWrapperBase.flushBlocking(SocketWrapperBase.java:728)
	at org.apache.tomcat.util.net.SocketWrapperBase.flush(SocketWrapperBase.java:712)
	at org.apache.coyote.http11.Http11OutputBuffer$SocketOutputBuffer.flush(Http11OutputBuffer.java:566)
	at org.apache.coyote.http11.filters.ChunkedOutputFilter.flush(ChunkedOutputFilter.java:157)
	at org.apache.coyote.http11.Http11OutputBuffer.flush(Http11OutputBuffer.java:220)
	at org.apache.coyote.http11.Http11Processor.flush(Http11Processor.java:1245)
	at org.apache.coyote.AbstractProcessor.action(AbstractProcessor.java:400)
	at org.apache.coyote.Response.action(Response.java:208)
	at org.apache.catalina.connector.OutputBuffer.doFlush(OutputBuffer.java:301)
	at org.apache.catalina.connector.OutputBuffer.flush(OutputBuffer.java:267)
	at org.apache.catalina.connector.CoyoteOutputStream.flush(CoyoteOutputStream.java:120)
	at org.springframework.util.StreamUtils.copy(StreamUtils.java:135)
	at org.springframework.http.converter.StringHttpMessageConverter.writeInternal(StringHttpMessageConverter.java:128)
	at org.springframework.http.converter.StringHttpMessageConverter.writeInternal(StringHttpMessageConverter.java:44)
	at org.springframework.http.converter.AbstractHttpMessageConverter.write(AbstractHttpMessageConverter.java:236)
	at org.springframework.web.servlet.mvc.method.annotation.ResponseBodyEmitterReturnValueHandler$HttpMessageConvertingHandler.sendInternal(ResponseBodyEmitterReturnValueHandler.java:221)
	at org.springframework.web.servlet.mvc.method.annotation.ResponseBodyEmitterReturnValueHandler$HttpMessageConvertingHandler.send(ResponseBodyEmitterReturnValueHandler.java:212)
	at org.springframework.web.servlet.mvc.method.annotation.ResponseBodyEmitter.sendInternal(ResponseBodyEmitter.java:234)
	at org.springframework.web.servlet.mvc.method.annotation.ResponseBodyEmitter.send(ResponseBodyEmitter.java:225)
	at org.springframework.web.servlet.mvc.method.annotation.SseEmitter.send(SseEmitter.java:135)
	at org.springframework.web.servlet.mvc.method.annotation.SseEmitter.send(SseEmitter.java:118)
	at org.springframework.web.servlet.mvc.method.annotation.ReactiveTypeHandler$SseEmitterSubscriber.send(ReactiveTypeHandler.java:391)
	at org.springframework.web.servlet.mvc.method.annotation.ReactiveTypeHandler$AbstractEmitterSubscriber.run(ReactiveTypeHandler.java:332)
	at java.base/java.util.concurrent.ThreadPoolExecutor.runWorker(ThreadPoolExecutor.java:1136)
	at java.base/java.util.concurrent.ThreadPoolExecutor$Worker.run(ThreadPoolExecutor.java:635)
	at java.base/java.lang.Thread.run(Thread.java:842)
25-04-15.01:32:13.875 [http-nio-8090-exec-9] ERROR [dispatcherServlet]    - Servlet.service() for servlet [dispatcherServlet] threw exception
java.io.IOException: Broken pipe
	at java.base/sun.nio.ch.FileDispatcherImpl.write0(Native Method)
	at java.base/sun.nio.ch.SocketDispatcher.write(SocketDispatcher.java:62)
	at java.base/sun.nio.ch.IOUtil.writeFromNativeBuffer(IOUtil.java:132)
	at java.base/sun.nio.ch.IOUtil.write(IOUtil.java:97)
	at java.base/sun.nio.ch.IOUtil.write(IOUtil.java:53)
	at java.base/sun.nio.ch.SocketChannelImpl.write(SocketChannelImpl.java:532)
	at org.apache.tomcat.util.net.NioChannel.write(NioChannel.java:118)
	at org.apache.tomcat.util.net.NioEndpoint$NioSocketWrapper.doWrite(NioEndpoint.java:1381)
	at org.apache.tomcat.util.net.SocketWrapperBase.doWrite(SocketWrapperBase.java:764)
	at org.apache.tomcat.util.net.SocketWrapperBase.flushBlocking(SocketWrapperBase.java:728)
	at org.apache.tomcat.util.net.SocketWrapperBase.flush(SocketWrapperBase.java:712)
	at org.apache.coyote.http11.Http11OutputBuffer$SocketOutputBuffer.flush(Http11OutputBuffer.java:566)
	at org.apache.coyote.http11.filters.ChunkedOutputFilter.flush(ChunkedOutputFilter.java:157)
	at org.apache.coyote.http11.Http11OutputBuffer.flush(Http11OutputBuffer.java:220)
	at org.apache.coyote.http11.Http11Processor.flush(Http11Processor.java:1245)
	at org.apache.coyote.AbstractProcessor.action(AbstractProcessor.java:400)
	at org.apache.coyote.Response.action(Response.java:208)
	at org.apache.catalina.connector.OutputBuffer.doFlush(OutputBuffer.java:301)
	at org.apache.catalina.connector.OutputBuffer.flush(OutputBuffer.java:267)
	at org.apache.catalina.connector.CoyoteOutputStream.flush(CoyoteOutputStream.java:120)
	at java.base/java.io.FilterOutputStream.flush(FilterOutputStream.java:153)
	at com.fasterxml.jackson.core.json.UTF8JsonGenerator.flush(UTF8JsonGenerator.java:1200)
	at com.fasterxml.jackson.databind.ObjectWriter.writeValue(ObjectWriter.java:1063)
	at org.springframework.http.converter.json.AbstractJackson2HttpMessageConverter.writeInternal(AbstractJackson2HttpMessageConverter.java:483)
	at org.springframework.http.converter.AbstractGenericHttpMessageConverter.writeInternal(AbstractGenericHttpMessageConverter.java:123)
	at org.springframework.http.converter.AbstractHttpMessageConverter.write(AbstractHttpMessageConverter.java:236)
	at org.springframework.web.servlet.mvc.method.annotation.ResponseBodyEmitterReturnValueHandler$HttpMessageConvertingHandler.sendInternal(ResponseBodyEmitterReturnValueHandler.java:221)
	at org.springframework.web.servlet.mvc.method.annotation.ResponseBodyEmitterReturnValueHandler$HttpMessageConvertingHandler.send(ResponseBodyEmitterReturnValueHandler.java:212)
	at org.springframework.web.servlet.mvc.method.annotation.ResponseBodyEmitter.sendInternal(ResponseBodyEmitter.java:234)
	at org.springframework.web.servlet.mvc.method.annotation.ResponseBodyEmitter.send(ResponseBodyEmitter.java:225)
	at org.springframework.web.servlet.mvc.method.annotation.SseEmitter.send(SseEmitter.java:135)
	at org.springframework.web.servlet.mvc.method.annotation.SseEmitter.send(SseEmitter.java:118)
	at org.springframework.web.servlet.mvc.method.annotation.ReactiveTypeHandler$SseEmitterSubscriber.send(ReactiveTypeHandler.java:391)
	at org.springframework.web.servlet.mvc.method.annotation.ReactiveTypeHandler$AbstractEmitterSubscriber.run(ReactiveTypeHandler.java:332)
	at java.base/java.util.concurrent.ThreadPoolExecutor.runWorker(ThreadPoolExecutor.java:1136)
	at java.base/java.util.concurrent.ThreadPoolExecutor$Worker.run(ThreadPoolExecutor.java:635)
	at java.base/java.lang.Thread.run(Thread.java:842)
25-04-15.01:32:13.876 [http-nio-8090-exec-9] ERROR [localhost]            - Exception Processing [ErrorPage[errorCode=0, location=/error]]
java.io.IOException: Broken pipe
	at java.base/sun.nio.ch.FileDispatcherImpl.write0(Native Method)
	at java.base/sun.nio.ch.SocketDispatcher.write(SocketDispatcher.java:62)
	at java.base/sun.nio.ch.IOUtil.writeFromNativeBuffer(IOUtil.java:132)
	at java.base/sun.nio.ch.IOUtil.write(IOUtil.java:97)
	at java.base/sun.nio.ch.IOUtil.write(IOUtil.java:53)
	at java.base/sun.nio.ch.SocketChannelImpl.write(SocketChannelImpl.java:532)
	at org.apache.tomcat.util.net.NioChannel.write(NioChannel.java:118)
	at org.apache.tomcat.util.net.NioEndpoint$NioSocketWrapper.doWrite(NioEndpoint.java:1381)
	at org.apache.tomcat.util.net.SocketWrapperBase.doWrite(SocketWrapperBase.java:764)
	at org.apache.tomcat.util.net.SocketWrapperBase.flushBlocking(SocketWrapperBase.java:728)
	at org.apache.tomcat.util.net.SocketWrapperBase.flush(SocketWrapperBase.java:712)
	at org.apache.coyote.http11.Http11OutputBuffer$SocketOutputBuffer.flush(Http11OutputBuffer.java:566)
	at org.apache.coyote.http11.filters.ChunkedOutputFilter.flush(ChunkedOutputFilter.java:157)
	at org.apache.coyote.http11.Http11OutputBuffer.flush(Http11OutputBuffer.java:220)
	at org.apache.coyote.http11.Http11Processor.flush(Http11Processor.java:1245)
	at org.apache.coyote.AbstractProcessor.action(AbstractProcessor.java:400)
	at org.apache.coyote.Response.action(Response.java:208)
	at org.apache.catalina.connector.OutputBuffer.doFlush(OutputBuffer.java:301)
	at org.apache.catalina.connector.OutputBuffer.flush(OutputBuffer.java:267)
	at org.apache.catalina.connector.CoyoteOutputStream.flush(CoyoteOutputStream.java:120)
	at java.base/java.io.FilterOutputStream.flush(FilterOutputStream.java:153)
	at com.fasterxml.jackson.core.json.UTF8JsonGenerator.flush(UTF8JsonGenerator.java:1200)
	at com.fasterxml.jackson.databind.ObjectWriter.writeValue(ObjectWriter.java:1063)
	at org.springframework.http.converter.json.AbstractJackson2HttpMessageConverter.writeInternal(AbstractJackson2HttpMessageConverter.java:483)
	at org.springframework.http.converter.AbstractGenericHttpMessageConverter.writeInternal(AbstractGenericHttpMessageConverter.java:123)
	at org.springframework.http.converter.AbstractHttpMessageConverter.write(AbstractHttpMessageConverter.java:236)
	at org.springframework.web.servlet.mvc.method.annotation.ResponseBodyEmitterReturnValueHandler$HttpMessageConvertingHandler.sendInternal(ResponseBodyEmitterReturnValueHandler.java:221)
	at org.springframework.web.servlet.mvc.method.annotation.ResponseBodyEmitterReturnValueHandler$HttpMessageConvertingHandler.send(ResponseBodyEmitterReturnValueHandler.java:212)
	at org.springframework.web.servlet.mvc.method.annotation.ResponseBodyEmitter.sendInternal(ResponseBodyEmitter.java:234)
	at org.springframework.web.servlet.mvc.method.annotation.ResponseBodyEmitter.send(ResponseBodyEmitter.java:225)
	at org.springframework.web.servlet.mvc.method.annotation.SseEmitter.send(SseEmitter.java:135)
	at org.springframework.web.servlet.mvc.method.annotation.SseEmitter.send(SseEmitter.java:118)
	at org.springframework.web.servlet.mvc.method.annotation.ReactiveTypeHandler$SseEmitterSubscriber.send(ReactiveTypeHandler.java:391)
	at org.springframework.web.servlet.mvc.method.annotation.ReactiveTypeHandler$AbstractEmitterSubscriber.run(ReactiveTypeHandler.java:332)
	at java.base/java.util.concurrent.ThreadPoolExecutor.runWorker(ThreadPoolExecutor.java:1136)
	at java.base/java.util.concurrent.ThreadPoolExecutor$Worker.run(ThreadPoolExecutor.java:635)
	at java.base/java.lang.Thread.run(Thread.java:842)
25-04-15.01:33:22.283 [http-nio-8090-exec-10] ERROR [dispatcherServlet]    - Servlet.service() for servlet [dispatcherServlet] threw exception
java.io.IOException: Broken pipe
	at java.base/sun.nio.ch.FileDispatcherImpl.write0(Native Method)
	at java.base/sun.nio.ch.SocketDispatcher.write(SocketDispatcher.java:62)
	at java.base/sun.nio.ch.IOUtil.writeFromNativeBuffer(IOUtil.java:132)
	at java.base/sun.nio.ch.IOUtil.write(IOUtil.java:97)
	at java.base/sun.nio.ch.IOUtil.write(IOUtil.java:53)
	at java.base/sun.nio.ch.SocketChannelImpl.write(SocketChannelImpl.java:532)
	at org.apache.tomcat.util.net.NioChannel.write(NioChannel.java:118)
	at org.apache.tomcat.util.net.NioEndpoint$NioSocketWrapper.doWrite(NioEndpoint.java:1381)
	at org.apache.tomcat.util.net.SocketWrapperBase.doWrite(SocketWrapperBase.java:764)
	at org.apache.tomcat.util.net.SocketWrapperBase.flushBlocking(SocketWrapperBase.java:728)
	at org.apache.tomcat.util.net.SocketWrapperBase.flush(SocketWrapperBase.java:712)
	at org.apache.coyote.http11.Http11OutputBuffer$SocketOutputBuffer.flush(Http11OutputBuffer.java:566)
	at org.apache.coyote.http11.filters.ChunkedOutputFilter.flush(ChunkedOutputFilter.java:157)
	at org.apache.coyote.http11.Http11OutputBuffer.flush(Http11OutputBuffer.java:220)
	at org.apache.coyote.http11.Http11Processor.flush(Http11Processor.java:1245)
	at org.apache.coyote.AbstractProcessor.action(AbstractProcessor.java:400)
	at org.apache.coyote.Response.action(Response.java:208)
	at org.apache.catalina.connector.OutputBuffer.doFlush(OutputBuffer.java:301)
	at org.apache.catalina.connector.OutputBuffer.flush(OutputBuffer.java:267)
	at org.apache.catalina.connector.CoyoteOutputStream.flush(CoyoteOutputStream.java:120)
	at org.springframework.util.StreamUtils.copy(StreamUtils.java:135)
	at org.springframework.http.converter.StringHttpMessageConverter.writeInternal(StringHttpMessageConverter.java:128)
	at org.springframework.http.converter.StringHttpMessageConverter.writeInternal(StringHttpMessageConverter.java:44)
	at org.springframework.http.converter.AbstractHttpMessageConverter.write(AbstractHttpMessageConverter.java:236)
	at org.springframework.web.servlet.mvc.method.annotation.ResponseBodyEmitterReturnValueHandler$HttpMessageConvertingHandler.sendInternal(ResponseBodyEmitterReturnValueHandler.java:221)
	at org.springframework.web.servlet.mvc.method.annotation.ResponseBodyEmitterReturnValueHandler$HttpMessageConvertingHandler.send(ResponseBodyEmitterReturnValueHandler.java:212)
	at org.springframework.web.servlet.mvc.method.annotation.ResponseBodyEmitter.sendInternal(ResponseBodyEmitter.java:234)
	at org.springframework.web.servlet.mvc.method.annotation.ResponseBodyEmitter.send(ResponseBodyEmitter.java:225)
	at org.springframework.web.servlet.mvc.method.annotation.SseEmitter.send(SseEmitter.java:135)
	at org.springframework.web.servlet.mvc.method.annotation.SseEmitter.send(SseEmitter.java:118)
	at org.springframework.web.servlet.mvc.method.annotation.ReactiveTypeHandler$SseEmitterSubscriber.send(ReactiveTypeHandler.java:391)
	at org.springframework.web.servlet.mvc.method.annotation.ReactiveTypeHandler$AbstractEmitterSubscriber.run(ReactiveTypeHandler.java:332)
	at java.base/java.util.concurrent.ThreadPoolExecutor.runWorker(ThreadPoolExecutor.java:1136)
	at java.base/java.util.concurrent.ThreadPoolExecutor$Worker.run(ThreadPoolExecutor.java:635)
	at java.base/java.lang.Thread.run(Thread.java:842)
25-04-15.01:33:22.284 [http-nio-8090-exec-10] ERROR [localhost]            - Exception Processing [ErrorPage[errorCode=0, location=/error]]
java.io.IOException: Broken pipe
	at java.base/sun.nio.ch.FileDispatcherImpl.write0(Native Method)
	at java.base/sun.nio.ch.SocketDispatcher.write(SocketDispatcher.java:62)
	at java.base/sun.nio.ch.IOUtil.writeFromNativeBuffer(IOUtil.java:132)
	at java.base/sun.nio.ch.IOUtil.write(IOUtil.java:97)
	at java.base/sun.nio.ch.IOUtil.write(IOUtil.java:53)
	at java.base/sun.nio.ch.SocketChannelImpl.write(SocketChannelImpl.java:532)
	at org.apache.tomcat.util.net.NioChannel.write(NioChannel.java:118)
	at org.apache.tomcat.util.net.NioEndpoint$NioSocketWrapper.doWrite(NioEndpoint.java:1381)
	at org.apache.tomcat.util.net.SocketWrapperBase.doWrite(SocketWrapperBase.java:764)
	at org.apache.tomcat.util.net.SocketWrapperBase.flushBlocking(SocketWrapperBase.java:728)
	at org.apache.tomcat.util.net.SocketWrapperBase.flush(SocketWrapperBase.java:712)
	at org.apache.coyote.http11.Http11OutputBuffer$SocketOutputBuffer.flush(Http11OutputBuffer.java:566)
	at org.apache.coyote.http11.filters.ChunkedOutputFilter.flush(ChunkedOutputFilter.java:157)
	at org.apache.coyote.http11.Http11OutputBuffer.flush(Http11OutputBuffer.java:220)
	at org.apache.coyote.http11.Http11Processor.flush(Http11Processor.java:1245)
	at org.apache.coyote.AbstractProcessor.action(AbstractProcessor.java:400)
	at org.apache.coyote.Response.action(Response.java:208)
	at org.apache.catalina.connector.OutputBuffer.doFlush(OutputBuffer.java:301)
	at org.apache.catalina.connector.OutputBuffer.flush(OutputBuffer.java:267)
	at org.apache.catalina.connector.CoyoteOutputStream.flush(CoyoteOutputStream.java:120)
	at org.springframework.util.StreamUtils.copy(StreamUtils.java:135)
	at org.springframework.http.converter.StringHttpMessageConverter.writeInternal(StringHttpMessageConverter.java:128)
	at org.springframework.http.converter.StringHttpMessageConverter.writeInternal(StringHttpMessageConverter.java:44)
	at org.springframework.http.converter.AbstractHttpMessageConverter.write(AbstractHttpMessageConverter.java:236)
	at org.springframework.web.servlet.mvc.method.annotation.ResponseBodyEmitterReturnValueHandler$HttpMessageConvertingHandler.sendInternal(ResponseBodyEmitterReturnValueHandler.java:221)
	at org.springframework.web.servlet.mvc.method.annotation.ResponseBodyEmitterReturnValueHandler$HttpMessageConvertingHandler.send(ResponseBodyEmitterReturnValueHandler.java:212)
	at org.springframework.web.servlet.mvc.method.annotation.ResponseBodyEmitter.sendInternal(ResponseBodyEmitter.java:234)
	at org.springframework.web.servlet.mvc.method.annotation.ResponseBodyEmitter.send(ResponseBodyEmitter.java:225)
	at org.springframework.web.servlet.mvc.method.annotation.SseEmitter.send(SseEmitter.java:135)
	at org.springframework.web.servlet.mvc.method.annotation.SseEmitter.send(SseEmitter.java:118)
	at org.springframework.web.servlet.mvc.method.annotation.ReactiveTypeHandler$SseEmitterSubscriber.send(ReactiveTypeHandler.java:391)
	at org.springframework.web.servlet.mvc.method.annotation.ReactiveTypeHandler$AbstractEmitterSubscriber.run(ReactiveTypeHandler.java:332)
	at java.base/java.util.concurrent.ThreadPoolExecutor.runWorker(ThreadPoolExecutor.java:1136)
	at java.base/java.util.concurrent.ThreadPoolExecutor$Worker.run(ThreadPoolExecutor.java:635)
	at java.base/java.lang.Thread.run(Thread.java:842)
25-04-15.01:36:35.154 [http-nio-8090-exec-2] ERROR [dispatcherServlet]    - Servlet.service() for servlet [dispatcherServlet] threw exception
java.io.IOException: Broken pipe
	at java.base/sun.nio.ch.FileDispatcherImpl.write0(Native Method)
	at java.base/sun.nio.ch.SocketDispatcher.write(SocketDispatcher.java:62)
	at java.base/sun.nio.ch.IOUtil.writeFromNativeBuffer(IOUtil.java:132)
	at java.base/sun.nio.ch.IOUtil.write(IOUtil.java:97)
	at java.base/sun.nio.ch.IOUtil.write(IOUtil.java:53)
	at java.base/sun.nio.ch.SocketChannelImpl.write(SocketChannelImpl.java:532)
	at org.apache.tomcat.util.net.NioChannel.write(NioChannel.java:118)
	at org.apache.tomcat.util.net.NioEndpoint$NioSocketWrapper.doWrite(NioEndpoint.java:1381)
	at org.apache.tomcat.util.net.SocketWrapperBase.doWrite(SocketWrapperBase.java:764)
	at org.apache.tomcat.util.net.SocketWrapperBase.flushBlocking(SocketWrapperBase.java:728)
	at org.apache.tomcat.util.net.SocketWrapperBase.flush(SocketWrapperBase.java:712)
	at org.apache.coyote.http11.Http11OutputBuffer$SocketOutputBuffer.flush(Http11OutputBuffer.java:566)
	at org.apache.coyote.http11.filters.ChunkedOutputFilter.flush(ChunkedOutputFilter.java:157)
	at org.apache.coyote.http11.Http11OutputBuffer.flush(Http11OutputBuffer.java:220)
	at org.apache.coyote.http11.Http11Processor.flush(Http11Processor.java:1245)
	at org.apache.coyote.AbstractProcessor.action(AbstractProcessor.java:400)
	at org.apache.coyote.Response.action(Response.java:208)
	at org.apache.catalina.connector.OutputBuffer.doFlush(OutputBuffer.java:301)
	at org.apache.catalina.connector.OutputBuffer.flush(OutputBuffer.java:267)
	at org.apache.catalina.connector.CoyoteOutputStream.flush(CoyoteOutputStream.java:120)
	at java.base/java.io.FilterOutputStream.flush(FilterOutputStream.java:153)
	at com.fasterxml.jackson.core.json.UTF8JsonGenerator.flush(UTF8JsonGenerator.java:1200)
	at com.fasterxml.jackson.databind.ObjectWriter.writeValue(ObjectWriter.java:1063)
	at org.springframework.http.converter.json.AbstractJackson2HttpMessageConverter.writeInternal(AbstractJackson2HttpMessageConverter.java:483)
	at org.springframework.http.converter.AbstractGenericHttpMessageConverter.writeInternal(AbstractGenericHttpMessageConverter.java:123)
	at org.springframework.http.converter.AbstractHttpMessageConverter.write(AbstractHttpMessageConverter.java:236)
	at org.springframework.web.servlet.mvc.method.annotation.ResponseBodyEmitterReturnValueHandler$HttpMessageConvertingHandler.sendInternal(ResponseBodyEmitterReturnValueHandler.java:221)
	at org.springframework.web.servlet.mvc.method.annotation.ResponseBodyEmitterReturnValueHandler$HttpMessageConvertingHandler.send(ResponseBodyEmitterReturnValueHandler.java:212)
	at org.springframework.web.servlet.mvc.method.annotation.ResponseBodyEmitter.sendInternal(ResponseBodyEmitter.java:234)
	at org.springframework.web.servlet.mvc.method.annotation.ResponseBodyEmitter.send(ResponseBodyEmitter.java:225)
	at org.springframework.web.servlet.mvc.method.annotation.SseEmitter.send(SseEmitter.java:135)
	at org.springframework.web.servlet.mvc.method.annotation.SseEmitter.send(SseEmitter.java:118)
	at org.springframework.web.servlet.mvc.method.annotation.ReactiveTypeHandler$SseEmitterSubscriber.send(ReactiveTypeHandler.java:391)
	at org.springframework.web.servlet.mvc.method.annotation.ReactiveTypeHandler$AbstractEmitterSubscriber.run(ReactiveTypeHandler.java:332)
	at java.base/java.util.concurrent.ThreadPoolExecutor.runWorker(ThreadPoolExecutor.java:1136)
	at java.base/java.util.concurrent.ThreadPoolExecutor$Worker.run(ThreadPoolExecutor.java:635)
	at java.base/java.lang.Thread.run(Thread.java:842)
25-04-15.01:36:35.154 [http-nio-8090-exec-2] ERROR [localhost]            - Exception Processing [ErrorPage[errorCode=0, location=/error]]
java.io.IOException: Broken pipe
	at java.base/sun.nio.ch.FileDispatcherImpl.write0(Native Method)
	at java.base/sun.nio.ch.SocketDispatcher.write(SocketDispatcher.java:62)
	at java.base/sun.nio.ch.IOUtil.writeFromNativeBuffer(IOUtil.java:132)
	at java.base/sun.nio.ch.IOUtil.write(IOUtil.java:97)
	at java.base/sun.nio.ch.IOUtil.write(IOUtil.java:53)
	at java.base/sun.nio.ch.SocketChannelImpl.write(SocketChannelImpl.java:532)
	at org.apache.tomcat.util.net.NioChannel.write(NioChannel.java:118)
	at org.apache.tomcat.util.net.NioEndpoint$NioSocketWrapper.doWrite(NioEndpoint.java:1381)
	at org.apache.tomcat.util.net.SocketWrapperBase.doWrite(SocketWrapperBase.java:764)
	at org.apache.tomcat.util.net.SocketWrapperBase.flushBlocking(SocketWrapperBase.java:728)
	at org.apache.tomcat.util.net.SocketWrapperBase.flush(SocketWrapperBase.java:712)
	at org.apache.coyote.http11.Http11OutputBuffer$SocketOutputBuffer.flush(Http11OutputBuffer.java:566)
	at org.apache.coyote.http11.filters.ChunkedOutputFilter.flush(ChunkedOutputFilter.java:157)
	at org.apache.coyote.http11.Http11OutputBuffer.flush(Http11OutputBuffer.java:220)
	at org.apache.coyote.http11.Http11Processor.flush(Http11Processor.java:1245)
	at org.apache.coyote.AbstractProcessor.action(AbstractProcessor.java:400)
	at org.apache.coyote.Response.action(Response.java:208)
	at org.apache.catalina.connector.OutputBuffer.doFlush(OutputBuffer.java:301)
	at org.apache.catalina.connector.OutputBuffer.flush(OutputBuffer.java:267)
	at org.apache.catalina.connector.CoyoteOutputStream.flush(CoyoteOutputStream.java:120)
	at java.base/java.io.FilterOutputStream.flush(FilterOutputStream.java:153)
	at com.fasterxml.jackson.core.json.UTF8JsonGenerator.flush(UTF8JsonGenerator.java:1200)
	at com.fasterxml.jackson.databind.ObjectWriter.writeValue(ObjectWriter.java:1063)
	at org.springframework.http.converter.json.AbstractJackson2HttpMessageConverter.writeInternal(AbstractJackson2HttpMessageConverter.java:483)
	at org.springframework.http.converter.AbstractGenericHttpMessageConverter.writeInternal(AbstractGenericHttpMessageConverter.java:123)
	at org.springframework.http.converter.AbstractHttpMessageConverter.write(AbstractHttpMessageConverter.java:236)
	at org.springframework.web.servlet.mvc.method.annotation.ResponseBodyEmitterReturnValueHandler$HttpMessageConvertingHandler.sendInternal(ResponseBodyEmitterReturnValueHandler.java:221)
	at org.springframework.web.servlet.mvc.method.annotation.ResponseBodyEmitterReturnValueHandler$HttpMessageConvertingHandler.send(ResponseBodyEmitterReturnValueHandler.java:212)
	at org.springframework.web.servlet.mvc.method.annotation.ResponseBodyEmitter.sendInternal(ResponseBodyEmitter.java:234)
	at org.springframework.web.servlet.mvc.method.annotation.ResponseBodyEmitter.send(ResponseBodyEmitter.java:225)
	at org.springframework.web.servlet.mvc.method.annotation.SseEmitter.send(SseEmitter.java:135)
	at org.springframework.web.servlet.mvc.method.annotation.SseEmitter.send(SseEmitter.java:118)
	at org.springframework.web.servlet.mvc.method.annotation.ReactiveTypeHandler$SseEmitterSubscriber.send(ReactiveTypeHandler.java:391)
	at org.springframework.web.servlet.mvc.method.annotation.ReactiveTypeHandler$AbstractEmitterSubscriber.run(ReactiveTypeHandler.java:332)
	at java.base/java.util.concurrent.ThreadPoolExecutor.runWorker(ThreadPoolExecutor.java:1136)
	at java.base/java.util.concurrent.ThreadPoolExecutor$Worker.run(ThreadPoolExecutor.java:635)
	at java.base/java.lang.Thread.run(Thread.java:842)
25-04-15.01:37:09.550 [http-nio-8090-exec-7] ERROR [dispatcherServlet]    - Servlet.service() for servlet [dispatcherServlet] threw exception
java.io.IOException: Broken pipe
	at java.base/sun.nio.ch.FileDispatcherImpl.write0(Native Method)
	at java.base/sun.nio.ch.SocketDispatcher.write(SocketDispatcher.java:62)
	at java.base/sun.nio.ch.IOUtil.writeFromNativeBuffer(IOUtil.java:132)
	at java.base/sun.nio.ch.IOUtil.write(IOUtil.java:97)
	at java.base/sun.nio.ch.IOUtil.write(IOUtil.java:53)
	at java.base/sun.nio.ch.SocketChannelImpl.write(SocketChannelImpl.java:532)
	at org.apache.tomcat.util.net.NioChannel.write(NioChannel.java:118)
	at org.apache.tomcat.util.net.NioEndpoint$NioSocketWrapper.doWrite(NioEndpoint.java:1381)
	at org.apache.tomcat.util.net.SocketWrapperBase.doWrite(SocketWrapperBase.java:764)
	at org.apache.tomcat.util.net.SocketWrapperBase.flushBlocking(SocketWrapperBase.java:728)
	at org.apache.tomcat.util.net.SocketWrapperBase.flush(SocketWrapperBase.java:712)
	at org.apache.coyote.http11.Http11OutputBuffer$SocketOutputBuffer.flush(Http11OutputBuffer.java:566)
	at org.apache.coyote.http11.filters.ChunkedOutputFilter.flush(ChunkedOutputFilter.java:157)
	at org.apache.coyote.http11.Http11OutputBuffer.flush(Http11OutputBuffer.java:220)
	at org.apache.coyote.http11.Http11Processor.flush(Http11Processor.java:1245)
	at org.apache.coyote.AbstractProcessor.action(AbstractProcessor.java:400)
	at org.apache.coyote.Response.action(Response.java:208)
	at org.apache.catalina.connector.OutputBuffer.doFlush(OutputBuffer.java:301)
	at org.apache.catalina.connector.OutputBuffer.flush(OutputBuffer.java:267)
	at org.apache.catalina.connector.CoyoteOutputStream.flush(CoyoteOutputStream.java:120)
	at java.base/java.io.FilterOutputStream.flush(FilterOutputStream.java:153)
	at com.fasterxml.jackson.core.json.UTF8JsonGenerator.flush(UTF8JsonGenerator.java:1200)
	at com.fasterxml.jackson.databind.ObjectWriter.writeValue(ObjectWriter.java:1063)
	at org.springframework.http.converter.json.AbstractJackson2HttpMessageConverter.writeInternal(AbstractJackson2HttpMessageConverter.java:483)
	at org.springframework.http.converter.AbstractGenericHttpMessageConverter.writeInternal(AbstractGenericHttpMessageConverter.java:123)
	at org.springframework.http.converter.AbstractHttpMessageConverter.write(AbstractHttpMessageConverter.java:236)
	at org.springframework.web.servlet.mvc.method.annotation.ResponseBodyEmitterReturnValueHandler$HttpMessageConvertingHandler.sendInternal(ResponseBodyEmitterReturnValueHandler.java:221)
	at org.springframework.web.servlet.mvc.method.annotation.ResponseBodyEmitterReturnValueHandler$HttpMessageConvertingHandler.send(ResponseBodyEmitterReturnValueHandler.java:212)
	at org.springframework.web.servlet.mvc.method.annotation.ResponseBodyEmitter.sendInternal(ResponseBodyEmitter.java:234)
	at org.springframework.web.servlet.mvc.method.annotation.ResponseBodyEmitter.send(ResponseBodyEmitter.java:225)
	at org.springframework.web.servlet.mvc.method.annotation.SseEmitter.send(SseEmitter.java:135)
	at org.springframework.web.servlet.mvc.method.annotation.SseEmitter.send(SseEmitter.java:118)
	at org.springframework.web.servlet.mvc.method.annotation.ReactiveTypeHandler$SseEmitterSubscriber.send(ReactiveTypeHandler.java:391)
	at org.springframework.web.servlet.mvc.method.annotation.ReactiveTypeHandler$AbstractEmitterSubscriber.run(ReactiveTypeHandler.java:332)
	at java.base/java.util.concurrent.ThreadPoolExecutor.runWorker(ThreadPoolExecutor.java:1136)
	at java.base/java.util.concurrent.ThreadPoolExecutor$Worker.run(ThreadPoolExecutor.java:635)
	at java.base/java.lang.Thread.run(Thread.java:842)
25-04-15.01:37:09.551 [http-nio-8090-exec-7] ERROR [localhost]            - Exception Processing [ErrorPage[errorCode=0, location=/error]]
java.io.IOException: Broken pipe
	at java.base/sun.nio.ch.FileDispatcherImpl.write0(Native Method)
	at java.base/sun.nio.ch.SocketDispatcher.write(SocketDispatcher.java:62)
	at java.base/sun.nio.ch.IOUtil.writeFromNativeBuffer(IOUtil.java:132)
	at java.base/sun.nio.ch.IOUtil.write(IOUtil.java:97)
	at java.base/sun.nio.ch.IOUtil.write(IOUtil.java:53)
	at java.base/sun.nio.ch.SocketChannelImpl.write(SocketChannelImpl.java:532)
	at org.apache.tomcat.util.net.NioChannel.write(NioChannel.java:118)
	at org.apache.tomcat.util.net.NioEndpoint$NioSocketWrapper.doWrite(NioEndpoint.java:1381)
	at org.apache.tomcat.util.net.SocketWrapperBase.doWrite(SocketWrapperBase.java:764)
	at org.apache.tomcat.util.net.SocketWrapperBase.flushBlocking(SocketWrapperBase.java:728)
	at org.apache.tomcat.util.net.SocketWrapperBase.flush(SocketWrapperBase.java:712)
	at org.apache.coyote.http11.Http11OutputBuffer$SocketOutputBuffer.flush(Http11OutputBuffer.java:566)
	at org.apache.coyote.http11.filters.ChunkedOutputFilter.flush(ChunkedOutputFilter.java:157)
	at org.apache.coyote.http11.Http11OutputBuffer.flush(Http11OutputBuffer.java:220)
	at org.apache.coyote.http11.Http11Processor.flush(Http11Processor.java:1245)
	at org.apache.coyote.AbstractProcessor.action(AbstractProcessor.java:400)
	at org.apache.coyote.Response.action(Response.java:208)
	at org.apache.catalina.connector.OutputBuffer.doFlush(OutputBuffer.java:301)
	at org.apache.catalina.connector.OutputBuffer.flush(OutputBuffer.java:267)
	at org.apache.catalina.connector.CoyoteOutputStream.flush(CoyoteOutputStream.java:120)
	at java.base/java.io.FilterOutputStream.flush(FilterOutputStream.java:153)
	at com.fasterxml.jackson.core.json.UTF8JsonGenerator.flush(UTF8JsonGenerator.java:1200)
	at com.fasterxml.jackson.databind.ObjectWriter.writeValue(ObjectWriter.java:1063)
	at org.springframework.http.converter.json.AbstractJackson2HttpMessageConverter.writeInternal(AbstractJackson2HttpMessageConverter.java:483)
	at org.springframework.http.converter.AbstractGenericHttpMessageConverter.writeInternal(AbstractGenericHttpMessageConverter.java:123)
	at org.springframework.http.converter.AbstractHttpMessageConverter.write(AbstractHttpMessageConverter.java:236)
	at org.springframework.web.servlet.mvc.method.annotation.ResponseBodyEmitterReturnValueHandler$HttpMessageConvertingHandler.sendInternal(ResponseBodyEmitterReturnValueHandler.java:221)
	at org.springframework.web.servlet.mvc.method.annotation.ResponseBodyEmitterReturnValueHandler$HttpMessageConvertingHandler.send(ResponseBodyEmitterReturnValueHandler.java:212)
	at org.springframework.web.servlet.mvc.method.annotation.ResponseBodyEmitter.sendInternal(ResponseBodyEmitter.java:234)
	at org.springframework.web.servlet.mvc.method.annotation.ResponseBodyEmitter.send(ResponseBodyEmitter.java:225)
	at org.springframework.web.servlet.mvc.method.annotation.SseEmitter.send(SseEmitter.java:135)
	at org.springframework.web.servlet.mvc.method.annotation.SseEmitter.send(SseEmitter.java:118)
	at org.springframework.web.servlet.mvc.method.annotation.ReactiveTypeHandler$SseEmitterSubscriber.send(ReactiveTypeHandler.java:391)
	at org.springframework.web.servlet.mvc.method.annotation.ReactiveTypeHandler$AbstractEmitterSubscriber.run(ReactiveTypeHandler.java:332)
	at java.base/java.util.concurrent.ThreadPoolExecutor.runWorker(ThreadPoolExecutor.java:1136)
	at java.base/java.util.concurrent.ThreadPoolExecutor$Worker.run(ThreadPoolExecutor.java:635)
	at java.base/java.lang.Thread.run(Thread.java:842)
25-04-15.01:57:37.731 [http-nio-8090-exec-5] ERROR [dispatcherServlet]    - Servlet.service() for servlet [dispatcherServlet] threw exception
java.net.SocketException: Connection reset
	at java.base/sun.nio.ch.SocketChannelImpl.throwConnectionReset(SocketChannelImpl.java:394)
	at java.base/sun.nio.ch.SocketChannelImpl.read(SocketChannelImpl.java:426)
	at java.net.http/jdk.internal.net.http.SocketTube.readAvailable(SocketTube.java:1170)
	at java.net.http/jdk.internal.net.http.SocketTube$InternalReadPublisher$InternalReadSubscription.read(SocketTube.java:833)
	at java.net.http/jdk.internal.net.http.SocketTube$SocketFlowTask.run(SocketTube.java:181)
	at java.net.http/jdk.internal.net.http.common.SequentialScheduler$SchedulableTask.run(SequentialScheduler.java:230)
	at java.net.http/jdk.internal.net.http.common.SequentialScheduler.runOrSchedule(SequentialScheduler.java:303)
	at java.net.http/jdk.internal.net.http.common.SequentialScheduler.runOrSchedule(SequentialScheduler.java:256)
	at java.net.http/jdk.internal.net.http.SocketTube$InternalReadPublisher$InternalReadSubscription.signalReadable(SocketTube.java:774)
	at java.net.http/jdk.internal.net.http.SocketTube$InternalReadPublisher$ReadEvent.signalEvent(SocketTube.java:957)
	at java.net.http/jdk.internal.net.http.SocketTube$SocketFlowEvent.handle(SocketTube.java:253)
	at java.net.http/jdk.internal.net.http.HttpClientImpl$SelectorManager.handleEvent(HttpClientImpl.java:979)
	at java.net.http/jdk.internal.net.http.HttpClientImpl$SelectorManager.lambda$run$3(HttpClientImpl.java:934)
	at java.base/java.util.ArrayList.forEach(ArrayList.java:1511)
	at java.net.http/jdk.internal.net.http.HttpClientImpl$SelectorManager.run(HttpClientImpl.java:934)
25-04-15.01:57:37.731 [http-nio-8090-exec-5] ERROR [dispatcherServlet]    - Servlet.service() for servlet [dispatcherServlet] in context with path [] threw exception [Request processing failed: org.springframework.web.reactive.function.client.WebClientRequestException: HTTP/1.1 header parser received no bytes] with root cause
java.net.SocketException: Connection reset
	at java.base/sun.nio.ch.SocketChannelImpl.throwConnectionReset(SocketChannelImpl.java:394)
	at java.base/sun.nio.ch.SocketChannelImpl.read(SocketChannelImpl.java:426)
	at java.net.http/jdk.internal.net.http.SocketTube.readAvailable(SocketTube.java:1170)
	at java.net.http/jdk.internal.net.http.SocketTube$InternalReadPublisher$InternalReadSubscription.read(SocketTube.java:833)
	at java.net.http/jdk.internal.net.http.SocketTube$SocketFlowTask.run(SocketTube.java:181)
	at java.net.http/jdk.internal.net.http.common.SequentialScheduler$SchedulableTask.run(SequentialScheduler.java:230)
	at java.net.http/jdk.internal.net.http.common.SequentialScheduler.runOrSchedule(SequentialScheduler.java:303)
	at java.net.http/jdk.internal.net.http.common.SequentialScheduler.runOrSchedule(SequentialScheduler.java:256)
	at java.net.http/jdk.internal.net.http.SocketTube$InternalReadPublisher$InternalReadSubscription.signalReadable(SocketTube.java:774)
	at java.net.http/jdk.internal.net.http.SocketTube$InternalReadPublisher$ReadEvent.signalEvent(SocketTube.java:957)
	at java.net.http/jdk.internal.net.http.SocketTube$SocketFlowEvent.handle(SocketTube.java:253)
	at java.net.http/jdk.internal.net.http.HttpClientImpl$SelectorManager.handleEvent(HttpClientImpl.java:979)
	at java.net.http/jdk.internal.net.http.HttpClientImpl$SelectorManager.lambda$run$3(HttpClientImpl.java:934)
	at java.base/java.util.ArrayList.forEach(ArrayList.java:1511)
	at java.net.http/jdk.internal.net.http.HttpClientImpl$SelectorManager.run(HttpClientImpl.java:934)
25-04-15.01:59:19.130 [http-nio-8090-exec-10] ERROR [dispatcherServlet]    - Servlet.service() for servlet [dispatcherServlet] threw exception
java.net.SocketException: Connection reset
	at java.base/sun.nio.ch.SocketChannelImpl.throwConnectionReset(SocketChannelImpl.java:394)
	at java.base/sun.nio.ch.SocketChannelImpl.read(SocketChannelImpl.java:426)
	at java.net.http/jdk.internal.net.http.SocketTube.readAvailable(SocketTube.java:1170)
	at java.net.http/jdk.internal.net.http.SocketTube$InternalReadPublisher$InternalReadSubscription.read(SocketTube.java:833)
	at java.net.http/jdk.internal.net.http.SocketTube$SocketFlowTask.run(SocketTube.java:181)
	at java.net.http/jdk.internal.net.http.common.SequentialScheduler$SchedulableTask.run(SequentialScheduler.java:230)
	at java.net.http/jdk.internal.net.http.common.SequentialScheduler.runOrSchedule(SequentialScheduler.java:303)
	at java.net.http/jdk.internal.net.http.common.SequentialScheduler.runOrSchedule(SequentialScheduler.java:256)
	at java.net.http/jdk.internal.net.http.SocketTube$InternalReadPublisher$InternalReadSubscription.signalReadable(SocketTube.java:774)
	at java.net.http/jdk.internal.net.http.SocketTube$InternalReadPublisher$ReadEvent.signalEvent(SocketTube.java:957)
	at java.net.http/jdk.internal.net.http.SocketTube$SocketFlowEvent.handle(SocketTube.java:253)
	at java.net.http/jdk.internal.net.http.HttpClientImpl$SelectorManager.handleEvent(HttpClientImpl.java:979)
	at java.net.http/jdk.internal.net.http.HttpClientImpl$SelectorManager.lambda$run$3(HttpClientImpl.java:934)
	at java.base/java.util.ArrayList.forEach(ArrayList.java:1511)
	at java.net.http/jdk.internal.net.http.HttpClientImpl$SelectorManager.run(HttpClientImpl.java:934)
25-04-15.01:59:19.131 [http-nio-8090-exec-10] ERROR [dispatcherServlet]    - Servlet.service() for servlet [dispatcherServlet] in context with path [] threw exception [Request processing failed: org.springframework.web.reactive.function.client.WebClientRequestException: HTTP/1.1 header parser received no bytes] with root cause
java.net.SocketException: Connection reset
	at java.base/sun.nio.ch.SocketChannelImpl.throwConnectionReset(SocketChannelImpl.java:394)
	at java.base/sun.nio.ch.SocketChannelImpl.read(SocketChannelImpl.java:426)
	at java.net.http/jdk.internal.net.http.SocketTube.readAvailable(SocketTube.java:1170)
	at java.net.http/jdk.internal.net.http.SocketTube$InternalReadPublisher$InternalReadSubscription.read(SocketTube.java:833)
	at java.net.http/jdk.internal.net.http.SocketTube$SocketFlowTask.run(SocketTube.java:181)
	at java.net.http/jdk.internal.net.http.common.SequentialScheduler$SchedulableTask.run(SequentialScheduler.java:230)
	at java.net.http/jdk.internal.net.http.common.SequentialScheduler.runOrSchedule(SequentialScheduler.java:303)
	at java.net.http/jdk.internal.net.http.common.SequentialScheduler.runOrSchedule(SequentialScheduler.java:256)
	at java.net.http/jdk.internal.net.http.SocketTube$InternalReadPublisher$InternalReadSubscription.signalReadable(SocketTube.java:774)
	at java.net.http/jdk.internal.net.http.SocketTube$InternalReadPublisher$ReadEvent.signalEvent(SocketTube.java:957)
	at java.net.http/jdk.internal.net.http.SocketTube$SocketFlowEvent.handle(SocketTube.java:253)
	at java.net.http/jdk.internal.net.http.HttpClientImpl$SelectorManager.handleEvent(HttpClientImpl.java:979)
	at java.net.http/jdk.internal.net.http.HttpClientImpl$SelectorManager.lambda$run$3(HttpClientImpl.java:934)
	at java.base/java.util.ArrayList.forEach(ArrayList.java:1511)
	at java.net.http/jdk.internal.net.http.HttpClientImpl$SelectorManager.run(HttpClientImpl.java:934)
25-04-15.02:01:43.103 [main            ] WARN  DnsServerAddressStreamProviders - Can not find io.netty.resolver.dns.macos.MacOSDnsServerAddressStreamProvider in the classpath, fallback to system defaults. This may result in incorrect DNS resolutions on MacOS. Check whether you have a dependency on 'io.netty:netty-resolver-dns-native-macos'
25-04-15.02:01:43.189 [main            ] WARN  DnsServerAddressStreamProviders - Can not find io.netty.resolver.dns.macos.MacOSDnsServerAddressStreamProvider in the classpath, fallback to system defaults. This may result in incorrect DNS resolutions on MacOS. Check whether you have a dependency on 'io.netty:netty-resolver-dns-native-macos'
25-04-15.02:01:44.523 [main            ] WARN  AnnotationConfigServletWebServerApplicationContext - Exception encountered during context initialization - cancelling refresh attempt: org.springframework.context.ApplicationContextException: Failed to start bean 'webServerStartStop'
25-04-15.02:01:44.590 [main            ] ERROR LoggingFailureAnalysisReporter - 

***************************
APPLICATION FAILED TO START
***************************

Description:

Web server failed to start. Port 8090 was already in use.

Action:

Identify and stop the process that's listening on port 8090 or configure this application to listen on another port.

25-04-15.02:03:04.559 [main            ] WARN  DnsServerAddressStreamProviders - Can not find io.netty.resolver.dns.macos.MacOSDnsServerAddressStreamProvider in the classpath, fallback to system defaults. This may result in incorrect DNS resolutions on MacOS. Check whether you have a dependency on 'io.netty:netty-resolver-dns-native-macos'
25-04-15.02:11:23.256 [HikariCP housekeeper] WARN  HikariPool             - HikariCP - Thread starvation or clock leap detected (housekeeper delta=49s631ms).
25-04-15.02:41:13.398 [HikariCP housekeeper] WARN  HikariPool             - HikariCP - Thread starvation or clock leap detected (housekeeper delta=29m50s142ms).
25-04-15.04:12:08.458 [HikariCP housekeeper] WARN  HikariPool             - HikariCP - Thread starvation or clock leap detected (housekeeper delta=1h30m55s60ms).
25-04-15.06:11:58.232 [HikariCP housekeeper] WARN  HikariPool             - HikariCP - Thread starvation or clock leap detected (housekeeper delta=1h59m49s642ms).
25-04-15.06:23:57.964 [HikariCP housekeeper] WARN  HikariPool             - HikariCP - Thread starvation or clock leap detected (housekeeper delta=11m59s864ms).
25-04-15.08:48:43.007 [HikariCP housekeeper] WARN  HikariPool             - HikariCP - Thread starvation or clock leap detected (housekeeper delta=2h24m45s40ms).
25-04-15.09:06:24.481 [HikariCP housekeeper] WARN  HikariPool             - HikariCP - Thread starvation or clock leap detected (housekeeper delta=17m11s576ms).
25-04-15.10:20:47.815 [http-nio-8090-exec-9] ERROR [dispatcherServlet]    - Servlet.service() for servlet [dispatcherServlet] threw exception
org.springframework.web.reactive.function.client.WebClientResponseException$InternalServerError: 500 Internal Server Error from POST http://188.245.233.12:11434/api/chat
	at org.springframework.web.reactive.function.client.WebClientResponseException.create(WebClientResponseException.java:318)
	Suppressed: reactor.core.publisher.FluxOnAssembly$OnAssemblyException: 
Error has been observed at the following site(s):
	*__checkpoint ⇢ 500 INTERNAL_SERVER_ERROR from POST http://188.245.233.12:11434/api/chat [DefaultWebClient]
Original Stack Trace:
		at org.springframework.web.reactive.function.client.WebClientResponseException.create(WebClientResponseException.java:318)
		at org.springframework.web.reactive.function.client.DefaultClientResponse.lambda$createException$1(DefaultClientResponse.java:214)
		at reactor.core.publisher.FluxMap$MapSubscriber.onNext(FluxMap.java:106)
		at reactor.core.publisher.FluxOnErrorReturn$ReturnSubscriber.onNext(FluxOnErrorReturn.java:162)
		at reactor.core.publisher.FluxDefaultIfEmpty$DefaultIfEmptySubscriber.onNext(FluxDefaultIfEmpty.java:122)
		at reactor.core.publisher.FluxMapFuseable$MapFuseableSubscriber.onNext(FluxMapFuseable.java:129)
		at reactor.core.publisher.FluxContextWrite$ContextWriteSubscriber.onNext(FluxContextWrite.java:107)
		at reactor.core.publisher.FluxMapFuseable$MapFuseableConditionalSubscriber.onNext(FluxMapFuseable.java:299)
		at reactor.core.publisher.FluxFilterFuseable$FilterFuseableConditionalSubscriber.onNext(FluxFilterFuseable.java:337)
		at reactor.core.publisher.Operators$BaseFluxToMonoOperator.completePossiblyEmpty(Operators.java:2097)
		at reactor.core.publisher.MonoCollect$CollectSubscriber.onComplete(MonoCollect.java:145)
		at reactor.core.publisher.FluxPeek$PeekSubscriber.onComplete(FluxPeek.java:260)
		at reactor.core.publisher.FluxPublish$PublishSubscriber.checkTerminated(FluxPublish.java:634)
		at reactor.core.publisher.FluxPublish$PublishSubscriber.drain(FluxPublish.java:494)
		at reactor.core.publisher.FluxPublish$PublishSubscriber.onComplete(FluxPublish.java:355)
		at reactor.core.publisher.FluxContextWrite$ContextWriteSubscriber.onComplete(FluxContextWrite.java:126)
		at reactor.core.publisher.FluxMapFuseable$MapFuseableConditionalSubscriber.onComplete(FluxMapFuseable.java:350)
		at reactor.core.publisher.FluxFlattenIterable$FlattenIterableSubscriber.drainAsync(FluxFlattenIterable.java:371)
		at reactor.core.publisher.FluxFlattenIterable$FlattenIterableSubscriber.drain(FluxFlattenIterable.java:724)
		at reactor.core.publisher.FluxFlattenIterable$FlattenIterableSubscriber.onComplete(FluxFlattenIterable.java:273)
		at reactor.adapter.JdkFlowAdapter$SubscriberToRS.onComplete(JdkFlowAdapter.java:160)
		at java.net.http/jdk.internal.net.http.ResponseSubscribers$PublishingBodySubscriber.complete(ResponseSubscribers.java:930)
		at java.net.http/jdk.internal.net.http.ResponseSubscribers$PublishingBodySubscriber.lambda$new$1(ResponseSubscribers.java:861)
		at java.base/java.util.concurrent.CompletableFuture$UniAccept.tryFire(CompletableFuture.java:718)
		at java.base/java.util.concurrent.CompletableFuture.postComplete(CompletableFuture.java:510)
		at java.base/java.util.concurrent.CompletableFuture.complete(CompletableFuture.java:2147)
		at java.net.http/jdk.internal.net.http.ResponseSubscribers$PublishingBodySubscriber.lambda$subscribe$3(ResponseSubscribers.java:958)
		at java.base/java.util.concurrent.CompletableFuture.uniAcceptNow(CompletableFuture.java:757)
		at java.base/java.util.concurrent.CompletableFuture.uniAcceptStage(CompletableFuture.java:735)
		at java.base/java.util.concurrent.CompletableFuture.thenAccept(CompletableFuture.java:2182)
		at java.net.http/jdk.internal.net.http.ResponseSubscribers$PublishingBodySubscriber.subscribe(ResponseSubscribers.java:954)
		at reactor.adapter.JdkFlowAdapter$FlowPublisherAsFlux.subscribe(JdkFlowAdapter.java:68)
		at reactor.core.publisher.InternalFluxOperator.subscribe(InternalFluxOperator.java:68)
		at reactor.core.publisher.FluxPublish.connect(FluxPublish.java:106)
		at reactor.core.publisher.FluxAutoConnect.subscribe(FluxAutoConnect.java:62)
		at reactor.core.publisher.Flux.subscribe(Flux.java:8836)
		at reactor.core.publisher.MonoFlatMapMany$FlatMapManyMain.onNext(MonoFlatMapMany.java:196)
		at reactor.core.publisher.FluxContextWrite$ContextWriteSubscriber.onNext(FluxContextWrite.java:107)
		at reactor.core.publisher.FluxDoFinally$DoFinallySubscriber.onNext(FluxDoFinally.java:113)
		at reactor.core.publisher.MonoPeekTerminal$MonoTerminalPeekSubscriber.onNext(MonoPeekTerminal.java:180)
		at reactor.core.publisher.FluxPeekFuseable$PeekConditionalSubscriber.onNext(FluxPeekFuseable.java:854)
		at reactor.core.publisher.FluxSwitchIfEmpty$SwitchIfEmptySubscriber.onNext(FluxSwitchIfEmpty.java:74)
		at reactor.core.publisher.FluxPeek$PeekSubscriber.onNext(FluxPeek.java:200)
		at reactor.core.publisher.FluxMap$MapSubscriber.onNext(FluxMap.java:122)
		at reactor.core.publisher.FluxOnErrorResume$ResumeSubscriber.onNext(FluxOnErrorResume.java:79)
		at reactor.core.publisher.FluxPeek$PeekSubscriber.onNext(FluxPeek.java:200)
		at reactor.core.publisher.FluxPeek$PeekSubscriber.onNext(FluxPeek.java:200)
		at reactor.core.publisher.MonoIgnoreThen$ThenIgnoreMain.complete(MonoIgnoreThen.java:294)
		at reactor.core.publisher.MonoIgnoreThen$ThenIgnoreMain.onNext(MonoIgnoreThen.java:188)
		at reactor.core.publisher.FluxMap$MapSubscriber.onNext(FluxMap.java:122)
		at reactor.core.publisher.MonoCompletionStage$MonoCompletionStageSubscription.apply(MonoCompletionStage.java:121)
		at reactor.core.publisher.MonoCompletionStage$MonoCompletionStageSubscription.apply(MonoCompletionStage.java:67)
		at java.base/java.util.concurrent.CompletableFuture.uniHandle(CompletableFuture.java:934)
		at java.base/java.util.concurrent.CompletableFuture$UniHandle.tryFire(CompletableFuture.java:911)
		at java.base/java.util.concurrent.CompletableFuture.postComplete(CompletableFuture.java:510)
		at java.base/java.util.concurrent.CompletableFuture.postFire(CompletableFuture.java:614)
		at java.base/java.util.concurrent.CompletableFuture$UniWhenComplete.tryFire(CompletableFuture.java:844)
		at java.base/java.util.concurrent.CompletableFuture$Completion.exec(CompletableFuture.java:483)
		at java.base/java.util.concurrent.ForkJoinTask.doExec(ForkJoinTask.java:373)
		at java.base/java.util.concurrent.ForkJoinPool$WorkQueue.topLevelExec(ForkJoinPool.java:1182)
		at java.base/java.util.concurrent.ForkJoinPool.scan(ForkJoinPool.java:1655)
		at java.base/java.util.concurrent.ForkJoinPool.runWorker(ForkJoinPool.java:1622)
		at java.base/java.util.concurrent.ForkJoinWorkerThread.run(ForkJoinWorkerThread.java:165)
25-04-15.10:20:47.822 [http-nio-8090-exec-9] ERROR [dispatcherServlet]    - Servlet.service() for servlet [dispatcherServlet] in context with path [] threw exception [Request processing failed: org.springframework.web.reactive.function.client.WebClientResponseException$InternalServerError: 500 Internal Server Error from POST http://188.245.233.12:11434/api/chat] with root cause
org.springframework.web.reactive.function.client.WebClientResponseException$InternalServerError: 500 Internal Server Error from POST http://188.245.233.12:11434/api/chat
	at org.springframework.web.reactive.function.client.WebClientResponseException.create(WebClientResponseException.java:318)
	Suppressed: reactor.core.publisher.FluxOnAssembly$OnAssemblyException: 
Error has been observed at the following site(s):
	*__checkpoint ⇢ 500 INTERNAL_SERVER_ERROR from POST http://188.245.233.12:11434/api/chat [DefaultWebClient]
Original Stack Trace:
		at org.springframework.web.reactive.function.client.WebClientResponseException.create(WebClientResponseException.java:318)
		at org.springframework.web.reactive.function.client.DefaultClientResponse.lambda$createException$1(DefaultClientResponse.java:214)
		at reactor.core.publisher.FluxMap$MapSubscriber.onNext(FluxMap.java:106)
		at reactor.core.publisher.FluxOnErrorReturn$ReturnSubscriber.onNext(FluxOnErrorReturn.java:162)
		at reactor.core.publisher.FluxDefaultIfEmpty$DefaultIfEmptySubscriber.onNext(FluxDefaultIfEmpty.java:122)
		at reactor.core.publisher.FluxMapFuseable$MapFuseableSubscriber.onNext(FluxMapFuseable.java:129)
		at reactor.core.publisher.FluxContextWrite$ContextWriteSubscriber.onNext(FluxContextWrite.java:107)
		at reactor.core.publisher.FluxMapFuseable$MapFuseableConditionalSubscriber.onNext(FluxMapFuseable.java:299)
		at reactor.core.publisher.FluxFilterFuseable$FilterFuseableConditionalSubscriber.onNext(FluxFilterFuseable.java:337)
		at reactor.core.publisher.Operators$BaseFluxToMonoOperator.completePossiblyEmpty(Operators.java:2097)
		at reactor.core.publisher.MonoCollect$CollectSubscriber.onComplete(MonoCollect.java:145)
		at reactor.core.publisher.FluxPeek$PeekSubscriber.onComplete(FluxPeek.java:260)
		at reactor.core.publisher.FluxPublish$PublishSubscriber.checkTerminated(FluxPublish.java:634)
		at reactor.core.publisher.FluxPublish$PublishSubscriber.drain(FluxPublish.java:494)
		at reactor.core.publisher.FluxPublish$PublishSubscriber.onComplete(FluxPublish.java:355)
		at reactor.core.publisher.FluxContextWrite$ContextWriteSubscriber.onComplete(FluxContextWrite.java:126)
		at reactor.core.publisher.FluxMapFuseable$MapFuseableConditionalSubscriber.onComplete(FluxMapFuseable.java:350)
		at reactor.core.publisher.FluxFlattenIterable$FlattenIterableSubscriber.drainAsync(FluxFlattenIterable.java:371)
		at reactor.core.publisher.FluxFlattenIterable$FlattenIterableSubscriber.drain(FluxFlattenIterable.java:724)
		at reactor.core.publisher.FluxFlattenIterable$FlattenIterableSubscriber.onComplete(FluxFlattenIterable.java:273)
		at reactor.adapter.JdkFlowAdapter$SubscriberToRS.onComplete(JdkFlowAdapter.java:160)
		at java.net.http/jdk.internal.net.http.ResponseSubscribers$PublishingBodySubscriber.complete(ResponseSubscribers.java:930)
		at java.net.http/jdk.internal.net.http.ResponseSubscribers$PublishingBodySubscriber.lambda$new$1(ResponseSubscribers.java:861)
		at java.base/java.util.concurrent.CompletableFuture$UniAccept.tryFire(CompletableFuture.java:718)
		at java.base/java.util.concurrent.CompletableFuture.postComplete(CompletableFuture.java:510)
		at java.base/java.util.concurrent.CompletableFuture.complete(CompletableFuture.java:2147)
		at java.net.http/jdk.internal.net.http.ResponseSubscribers$PublishingBodySubscriber.lambda$subscribe$3(ResponseSubscribers.java:958)
		at java.base/java.util.concurrent.CompletableFuture.uniAcceptNow(CompletableFuture.java:757)
		at java.base/java.util.concurrent.CompletableFuture.uniAcceptStage(CompletableFuture.java:735)
		at java.base/java.util.concurrent.CompletableFuture.thenAccept(CompletableFuture.java:2182)
		at java.net.http/jdk.internal.net.http.ResponseSubscribers$PublishingBodySubscriber.subscribe(ResponseSubscribers.java:954)
		at reactor.adapter.JdkFlowAdapter$FlowPublisherAsFlux.subscribe(JdkFlowAdapter.java:68)
		at reactor.core.publisher.InternalFluxOperator.subscribe(InternalFluxOperator.java:68)
		at reactor.core.publisher.FluxPublish.connect(FluxPublish.java:106)
		at reactor.core.publisher.FluxAutoConnect.subscribe(FluxAutoConnect.java:62)
		at reactor.core.publisher.Flux.subscribe(Flux.java:8836)
		at reactor.core.publisher.MonoFlatMapMany$FlatMapManyMain.onNext(MonoFlatMapMany.java:196)
		at reactor.core.publisher.FluxContextWrite$ContextWriteSubscriber.onNext(FluxContextWrite.java:107)
		at reactor.core.publisher.FluxDoFinally$DoFinallySubscriber.onNext(FluxDoFinally.java:113)
		at reactor.core.publisher.MonoPeekTerminal$MonoTerminalPeekSubscriber.onNext(MonoPeekTerminal.java:180)
		at reactor.core.publisher.FluxPeekFuseable$PeekConditionalSubscriber.onNext(FluxPeekFuseable.java:854)
		at reactor.core.publisher.FluxSwitchIfEmpty$SwitchIfEmptySubscriber.onNext(FluxSwitchIfEmpty.java:74)
		at reactor.core.publisher.FluxPeek$PeekSubscriber.onNext(FluxPeek.java:200)
		at reactor.core.publisher.FluxMap$MapSubscriber.onNext(FluxMap.java:122)
		at reactor.core.publisher.FluxOnErrorResume$ResumeSubscriber.onNext(FluxOnErrorResume.java:79)
		at reactor.core.publisher.FluxPeek$PeekSubscriber.onNext(FluxPeek.java:200)
		at reactor.core.publisher.FluxPeek$PeekSubscriber.onNext(FluxPeek.java:200)
		at reactor.core.publisher.MonoIgnoreThen$ThenIgnoreMain.complete(MonoIgnoreThen.java:294)
		at reactor.core.publisher.MonoIgnoreThen$ThenIgnoreMain.onNext(MonoIgnoreThen.java:188)
		at reactor.core.publisher.FluxMap$MapSubscriber.onNext(FluxMap.java:122)
		at reactor.core.publisher.MonoCompletionStage$MonoCompletionStageSubscription.apply(MonoCompletionStage.java:121)
		at reactor.core.publisher.MonoCompletionStage$MonoCompletionStageSubscription.apply(MonoCompletionStage.java:67)
		at java.base/java.util.concurrent.CompletableFuture.uniHandle(CompletableFuture.java:934)
		at java.base/java.util.concurrent.CompletableFuture$UniHandle.tryFire(CompletableFuture.java:911)
		at java.base/java.util.concurrent.CompletableFuture.postComplete(CompletableFuture.java:510)
		at java.base/java.util.concurrent.CompletableFuture.postFire(CompletableFuture.java:614)
		at java.base/java.util.concurrent.CompletableFuture$UniWhenComplete.tryFire(CompletableFuture.java:844)
		at java.base/java.util.concurrent.CompletableFuture$Completion.exec(CompletableFuture.java:483)
		at java.base/java.util.concurrent.ForkJoinTask.doExec(ForkJoinTask.java:373)
		at java.base/java.util.concurrent.ForkJoinPool$WorkQueue.topLevelExec(ForkJoinPool.java:1182)
		at java.base/java.util.concurrent.ForkJoinPool.scan(ForkJoinPool.java:1655)
		at java.base/java.util.concurrent.ForkJoinPool.runWorker(ForkJoinPool.java:1622)
		at java.base/java.util.concurrent.ForkJoinWorkerThread.run(ForkJoinWorkerThread.java:165)
25-04-15.10:22:01.561 [http-nio-8090-exec-3] ERROR [dispatcherServlet]    - Servlet.service() for servlet [dispatcherServlet] threw exception
org.springframework.web.reactive.function.client.WebClientResponseException$InternalServerError: 500 Internal Server Error from POST http://188.245.233.12:11434/api/chat
	at org.springframework.web.reactive.function.client.WebClientResponseException.create(WebClientResponseException.java:318)
	Suppressed: reactor.core.publisher.FluxOnAssembly$OnAssemblyException: 
Error has been observed at the following site(s):
	*__checkpoint ⇢ 500 INTERNAL_SERVER_ERROR from POST http://188.245.233.12:11434/api/chat [DefaultWebClient]
Original Stack Trace:
		at org.springframework.web.reactive.function.client.WebClientResponseException.create(WebClientResponseException.java:318)
		at org.springframework.web.reactive.function.client.DefaultClientResponse.lambda$createException$1(DefaultClientResponse.java:214)
		at reactor.core.publisher.FluxMap$MapSubscriber.onNext(FluxMap.java:106)
		at reactor.core.publisher.FluxOnErrorReturn$ReturnSubscriber.onNext(FluxOnErrorReturn.java:162)
		at reactor.core.publisher.FluxDefaultIfEmpty$DefaultIfEmptySubscriber.onNext(FluxDefaultIfEmpty.java:122)
		at reactor.core.publisher.FluxMapFuseable$MapFuseableSubscriber.onNext(FluxMapFuseable.java:129)
		at reactor.core.publisher.FluxContextWrite$ContextWriteSubscriber.onNext(FluxContextWrite.java:107)
		at reactor.core.publisher.FluxMapFuseable$MapFuseableConditionalSubscriber.onNext(FluxMapFuseable.java:299)
		at reactor.core.publisher.FluxFilterFuseable$FilterFuseableConditionalSubscriber.onNext(FluxFilterFuseable.java:337)
		at reactor.core.publisher.Operators$BaseFluxToMonoOperator.completePossiblyEmpty(Operators.java:2097)
		at reactor.core.publisher.MonoCollect$CollectSubscriber.onComplete(MonoCollect.java:145)
		at reactor.core.publisher.FluxPeek$PeekSubscriber.onComplete(FluxPeek.java:260)
		at reactor.core.publisher.FluxPublish$PublishSubscriber.checkTerminated(FluxPublish.java:634)
		at reactor.core.publisher.FluxPublish$PublishSubscriber.drain(FluxPublish.java:494)
		at reactor.core.publisher.FluxPublish$PublishSubscriber.onComplete(FluxPublish.java:355)
		at reactor.core.publisher.FluxContextWrite$ContextWriteSubscriber.onComplete(FluxContextWrite.java:126)
		at reactor.core.publisher.FluxMapFuseable$MapFuseableConditionalSubscriber.onComplete(FluxMapFuseable.java:350)
		at reactor.core.publisher.FluxFlattenIterable$FlattenIterableSubscriber.drainAsync(FluxFlattenIterable.java:371)
		at reactor.core.publisher.FluxFlattenIterable$FlattenIterableSubscriber.drain(FluxFlattenIterable.java:724)
		at reactor.core.publisher.FluxFlattenIterable$FlattenIterableSubscriber.onComplete(FluxFlattenIterable.java:273)
		at reactor.adapter.JdkFlowAdapter$SubscriberToRS.onComplete(JdkFlowAdapter.java:160)
		at java.net.http/jdk.internal.net.http.ResponseSubscribers$PublishingBodySubscriber.complete(ResponseSubscribers.java:930)
		at java.net.http/jdk.internal.net.http.ResponseSubscribers$PublishingBodySubscriber.lambda$new$1(ResponseSubscribers.java:861)
		at java.base/java.util.concurrent.CompletableFuture$UniAccept.tryFire(CompletableFuture.java:718)
		at java.base/java.util.concurrent.CompletableFuture.postComplete(CompletableFuture.java:510)
		at java.base/java.util.concurrent.CompletableFuture.complete(CompletableFuture.java:2147)
		at java.net.http/jdk.internal.net.http.ResponseSubscribers$PublishingBodySubscriber.lambda$subscribe$3(ResponseSubscribers.java:958)
		at java.base/java.util.concurrent.CompletableFuture.uniAcceptNow(CompletableFuture.java:757)
		at java.base/java.util.concurrent.CompletableFuture.uniAcceptStage(CompletableFuture.java:735)
		at java.base/java.util.concurrent.CompletableFuture.thenAccept(CompletableFuture.java:2182)
		at java.net.http/jdk.internal.net.http.ResponseSubscribers$PublishingBodySubscriber.subscribe(ResponseSubscribers.java:954)
		at reactor.adapter.JdkFlowAdapter$FlowPublisherAsFlux.subscribe(JdkFlowAdapter.java:68)
		at reactor.core.publisher.InternalFluxOperator.subscribe(InternalFluxOperator.java:68)
		at reactor.core.publisher.FluxPublish.connect(FluxPublish.java:106)
		at reactor.core.publisher.FluxAutoConnect.subscribe(FluxAutoConnect.java:62)
		at reactor.core.publisher.Flux.subscribe(Flux.java:8836)
		at reactor.core.publisher.MonoFlatMapMany$FlatMapManyMain.onNext(MonoFlatMapMany.java:196)
		at reactor.core.publisher.FluxContextWrite$ContextWriteSubscriber.onNext(FluxContextWrite.java:107)
		at reactor.core.publisher.FluxDoFinally$DoFinallySubscriber.onNext(FluxDoFinally.java:113)
		at reactor.core.publisher.MonoPeekTerminal$MonoTerminalPeekSubscriber.onNext(MonoPeekTerminal.java:180)
		at reactor.core.publisher.FluxPeekFuseable$PeekConditionalSubscriber.onNext(FluxPeekFuseable.java:854)
		at reactor.core.publisher.FluxSwitchIfEmpty$SwitchIfEmptySubscriber.onNext(FluxSwitchIfEmpty.java:74)
		at reactor.core.publisher.FluxPeek$PeekSubscriber.onNext(FluxPeek.java:200)
		at reactor.core.publisher.FluxMap$MapSubscriber.onNext(FluxMap.java:122)
		at reactor.core.publisher.FluxOnErrorResume$ResumeSubscriber.onNext(FluxOnErrorResume.java:79)
		at reactor.core.publisher.FluxPeek$PeekSubscriber.onNext(FluxPeek.java:200)
		at reactor.core.publisher.FluxPeek$PeekSubscriber.onNext(FluxPeek.java:200)
		at reactor.core.publisher.MonoIgnoreThen$ThenIgnoreMain.complete(MonoIgnoreThen.java:294)
		at reactor.core.publisher.MonoIgnoreThen$ThenIgnoreMain.onNext(MonoIgnoreThen.java:188)
		at reactor.core.publisher.FluxMap$MapSubscriber.onNext(FluxMap.java:122)
		at reactor.core.publisher.MonoCompletionStage$MonoCompletionStageSubscription.apply(MonoCompletionStage.java:121)
		at reactor.core.publisher.MonoCompletionStage$MonoCompletionStageSubscription.apply(MonoCompletionStage.java:67)
		at java.base/java.util.concurrent.CompletableFuture.uniHandle(CompletableFuture.java:934)
		at java.base/java.util.concurrent.CompletableFuture$UniHandle.tryFire(CompletableFuture.java:911)
		at java.base/java.util.concurrent.CompletableFuture.postComplete(CompletableFuture.java:510)
		at java.base/java.util.concurrent.CompletableFuture.postFire(CompletableFuture.java:614)
		at java.base/java.util.concurrent.CompletableFuture$UniWhenComplete.tryFire(CompletableFuture.java:844)
		at java.base/java.util.concurrent.CompletableFuture$Completion.exec(CompletableFuture.java:483)
		at java.base/java.util.concurrent.ForkJoinTask.doExec(ForkJoinTask.java:373)
		at java.base/java.util.concurrent.ForkJoinPool$WorkQueue.topLevelExec(ForkJoinPool.java:1182)
		at java.base/java.util.concurrent.ForkJoinPool.scan(ForkJoinPool.java:1655)
		at java.base/java.util.concurrent.ForkJoinPool.runWorker(ForkJoinPool.java:1622)
		at java.base/java.util.concurrent.ForkJoinWorkerThread.run(ForkJoinWorkerThread.java:165)
25-04-15.10:22:01.562 [http-nio-8090-exec-3] ERROR [dispatcherServlet]    - Servlet.service() for servlet [dispatcherServlet] in context with path [] threw exception [Request processing failed: org.springframework.web.reactive.function.client.WebClientResponseException$InternalServerError: 500 Internal Server Error from POST http://188.245.233.12:11434/api/chat] with root cause
org.springframework.web.reactive.function.client.WebClientResponseException$InternalServerError: 500 Internal Server Error from POST http://188.245.233.12:11434/api/chat
	at org.springframework.web.reactive.function.client.WebClientResponseException.create(WebClientResponseException.java:318)
	Suppressed: reactor.core.publisher.FluxOnAssembly$OnAssemblyException: 
Error has been observed at the following site(s):
	*__checkpoint ⇢ 500 INTERNAL_SERVER_ERROR from POST http://188.245.233.12:11434/api/chat [DefaultWebClient]
Original Stack Trace:
		at org.springframework.web.reactive.function.client.WebClientResponseException.create(WebClientResponseException.java:318)
		at org.springframework.web.reactive.function.client.DefaultClientResponse.lambda$createException$1(DefaultClientResponse.java:214)
		at reactor.core.publisher.FluxMap$MapSubscriber.onNext(FluxMap.java:106)
		at reactor.core.publisher.FluxOnErrorReturn$ReturnSubscriber.onNext(FluxOnErrorReturn.java:162)
		at reactor.core.publisher.FluxDefaultIfEmpty$DefaultIfEmptySubscriber.onNext(FluxDefaultIfEmpty.java:122)
		at reactor.core.publisher.FluxMapFuseable$MapFuseableSubscriber.onNext(FluxMapFuseable.java:129)
		at reactor.core.publisher.FluxContextWrite$ContextWriteSubscriber.onNext(FluxContextWrite.java:107)
		at reactor.core.publisher.FluxMapFuseable$MapFuseableConditionalSubscriber.onNext(FluxMapFuseable.java:299)
		at reactor.core.publisher.FluxFilterFuseable$FilterFuseableConditionalSubscriber.onNext(FluxFilterFuseable.java:337)
		at reactor.core.publisher.Operators$BaseFluxToMonoOperator.completePossiblyEmpty(Operators.java:2097)
		at reactor.core.publisher.MonoCollect$CollectSubscriber.onComplete(MonoCollect.java:145)
		at reactor.core.publisher.FluxPeek$PeekSubscriber.onComplete(FluxPeek.java:260)
		at reactor.core.publisher.FluxPublish$PublishSubscriber.checkTerminated(FluxPublish.java:634)
		at reactor.core.publisher.FluxPublish$PublishSubscriber.drain(FluxPublish.java:494)
		at reactor.core.publisher.FluxPublish$PublishSubscriber.onComplete(FluxPublish.java:355)
		at reactor.core.publisher.FluxContextWrite$ContextWriteSubscriber.onComplete(FluxContextWrite.java:126)
		at reactor.core.publisher.FluxMapFuseable$MapFuseableConditionalSubscriber.onComplete(FluxMapFuseable.java:350)
		at reactor.core.publisher.FluxFlattenIterable$FlattenIterableSubscriber.drainAsync(FluxFlattenIterable.java:371)
		at reactor.core.publisher.FluxFlattenIterable$FlattenIterableSubscriber.drain(FluxFlattenIterable.java:724)
		at reactor.core.publisher.FluxFlattenIterable$FlattenIterableSubscriber.onComplete(FluxFlattenIterable.java:273)
		at reactor.adapter.JdkFlowAdapter$SubscriberToRS.onComplete(JdkFlowAdapter.java:160)
		at java.net.http/jdk.internal.net.http.ResponseSubscribers$PublishingBodySubscriber.complete(ResponseSubscribers.java:930)
		at java.net.http/jdk.internal.net.http.ResponseSubscribers$PublishingBodySubscriber.lambda$new$1(ResponseSubscribers.java:861)
		at java.base/java.util.concurrent.CompletableFuture$UniAccept.tryFire(CompletableFuture.java:718)
		at java.base/java.util.concurrent.CompletableFuture.postComplete(CompletableFuture.java:510)
		at java.base/java.util.concurrent.CompletableFuture.complete(CompletableFuture.java:2147)
		at java.net.http/jdk.internal.net.http.ResponseSubscribers$PublishingBodySubscriber.lambda$subscribe$3(ResponseSubscribers.java:958)
		at java.base/java.util.concurrent.CompletableFuture.uniAcceptNow(CompletableFuture.java:757)
		at java.base/java.util.concurrent.CompletableFuture.uniAcceptStage(CompletableFuture.java:735)
		at java.base/java.util.concurrent.CompletableFuture.thenAccept(CompletableFuture.java:2182)
		at java.net.http/jdk.internal.net.http.ResponseSubscribers$PublishingBodySubscriber.subscribe(ResponseSubscribers.java:954)
		at reactor.adapter.JdkFlowAdapter$FlowPublisherAsFlux.subscribe(JdkFlowAdapter.java:68)
		at reactor.core.publisher.InternalFluxOperator.subscribe(InternalFluxOperator.java:68)
		at reactor.core.publisher.FluxPublish.connect(FluxPublish.java:106)
		at reactor.core.publisher.FluxAutoConnect.subscribe(FluxAutoConnect.java:62)
		at reactor.core.publisher.Flux.subscribe(Flux.java:8836)
		at reactor.core.publisher.MonoFlatMapMany$FlatMapManyMain.onNext(MonoFlatMapMany.java:196)
		at reactor.core.publisher.FluxContextWrite$ContextWriteSubscriber.onNext(FluxContextWrite.java:107)
		at reactor.core.publisher.FluxDoFinally$DoFinallySubscriber.onNext(FluxDoFinally.java:113)
		at reactor.core.publisher.MonoPeekTerminal$MonoTerminalPeekSubscriber.onNext(MonoPeekTerminal.java:180)
		at reactor.core.publisher.FluxPeekFuseable$PeekConditionalSubscriber.onNext(FluxPeekFuseable.java:854)
		at reactor.core.publisher.FluxSwitchIfEmpty$SwitchIfEmptySubscriber.onNext(FluxSwitchIfEmpty.java:74)
		at reactor.core.publisher.FluxPeek$PeekSubscriber.onNext(FluxPeek.java:200)
		at reactor.core.publisher.FluxMap$MapSubscriber.onNext(FluxMap.java:122)
		at reactor.core.publisher.FluxOnErrorResume$ResumeSubscriber.onNext(FluxOnErrorResume.java:79)
		at reactor.core.publisher.FluxPeek$PeekSubscriber.onNext(FluxPeek.java:200)
		at reactor.core.publisher.FluxPeek$PeekSubscriber.onNext(FluxPeek.java:200)
		at reactor.core.publisher.MonoIgnoreThen$ThenIgnoreMain.complete(MonoIgnoreThen.java:294)
		at reactor.core.publisher.MonoIgnoreThen$ThenIgnoreMain.onNext(MonoIgnoreThen.java:188)
		at reactor.core.publisher.FluxMap$MapSubscriber.onNext(FluxMap.java:122)
		at reactor.core.publisher.MonoCompletionStage$MonoCompletionStageSubscription.apply(MonoCompletionStage.java:121)
		at reactor.core.publisher.MonoCompletionStage$MonoCompletionStageSubscription.apply(MonoCompletionStage.java:67)
		at java.base/java.util.concurrent.CompletableFuture.uniHandle(CompletableFuture.java:934)
		at java.base/java.util.concurrent.CompletableFuture$UniHandle.tryFire(CompletableFuture.java:911)
		at java.base/java.util.concurrent.CompletableFuture.postComplete(CompletableFuture.java:510)
		at java.base/java.util.concurrent.CompletableFuture.postFire(CompletableFuture.java:614)
		at java.base/java.util.concurrent.CompletableFuture$UniWhenComplete.tryFire(CompletableFuture.java:844)
		at java.base/java.util.concurrent.CompletableFuture$Completion.exec(CompletableFuture.java:483)
		at java.base/java.util.concurrent.ForkJoinTask.doExec(ForkJoinTask.java:373)
		at java.base/java.util.concurrent.ForkJoinPool$WorkQueue.topLevelExec(ForkJoinPool.java:1182)
		at java.base/java.util.concurrent.ForkJoinPool.scan(ForkJoinPool.java:1655)
		at java.base/java.util.concurrent.ForkJoinPool.runWorker(ForkJoinPool.java:1622)
		at java.base/java.util.concurrent.ForkJoinWorkerThread.run(ForkJoinWorkerThread.java:165)
25-04-15.10:22:52.634 [main            ] WARN  DnsServerAddressStreamProviders - Can not find io.netty.resolver.dns.macos.MacOSDnsServerAddressStreamProvider in the classpath, fallback to system defaults. This may result in incorrect DNS resolutions on MacOS. Check whether you have a dependency on 'io.netty:netty-resolver-dns-native-macos'
25-04-15.10:26:30.148 [http-nio-8090-exec-6] ERROR [dispatcherServlet]    - Servlet.service() for servlet [dispatcherServlet] threw exception
java.io.IOException: Broken pipe
	at java.base/sun.nio.ch.FileDispatcherImpl.write0(Native Method)
	at java.base/sun.nio.ch.SocketDispatcher.write(SocketDispatcher.java:62)
	at java.base/sun.nio.ch.IOUtil.writeFromNativeBuffer(IOUtil.java:132)
	at java.base/sun.nio.ch.IOUtil.write(IOUtil.java:97)
	at java.base/sun.nio.ch.IOUtil.write(IOUtil.java:53)
	at java.base/sun.nio.ch.SocketChannelImpl.write(SocketChannelImpl.java:532)
	at org.apache.tomcat.util.net.NioChannel.write(NioChannel.java:118)
	at org.apache.tomcat.util.net.NioEndpoint$NioSocketWrapper.doWrite(NioEndpoint.java:1381)
	at org.apache.tomcat.util.net.SocketWrapperBase.doWrite(SocketWrapperBase.java:764)
	at org.apache.tomcat.util.net.SocketWrapperBase.flushBlocking(SocketWrapperBase.java:728)
	at org.apache.tomcat.util.net.SocketWrapperBase.flush(SocketWrapperBase.java:712)
	at org.apache.coyote.http11.Http11OutputBuffer$SocketOutputBuffer.flush(Http11OutputBuffer.java:566)
	at org.apache.coyote.http11.filters.ChunkedOutputFilter.flush(ChunkedOutputFilter.java:157)
	at org.apache.coyote.http11.Http11OutputBuffer.flush(Http11OutputBuffer.java:220)
	at org.apache.coyote.http11.Http11Processor.flush(Http11Processor.java:1245)
	at org.apache.coyote.AbstractProcessor.action(AbstractProcessor.java:400)
	at org.apache.coyote.Response.action(Response.java:208)
	at org.apache.catalina.connector.OutputBuffer.doFlush(OutputBuffer.java:301)
	at org.apache.catalina.connector.OutputBuffer.flush(OutputBuffer.java:267)
	at org.apache.catalina.connector.CoyoteOutputStream.flush(CoyoteOutputStream.java:120)
	at org.springframework.util.StreamUtils.copy(StreamUtils.java:135)
	at org.springframework.http.converter.StringHttpMessageConverter.writeInternal(StringHttpMessageConverter.java:128)
	at org.springframework.http.converter.StringHttpMessageConverter.writeInternal(StringHttpMessageConverter.java:44)
	at org.springframework.http.converter.AbstractHttpMessageConverter.write(AbstractHttpMessageConverter.java:236)
	at org.springframework.web.servlet.mvc.method.annotation.ResponseBodyEmitterReturnValueHandler$HttpMessageConvertingHandler.sendInternal(ResponseBodyEmitterReturnValueHandler.java:221)
	at org.springframework.web.servlet.mvc.method.annotation.ResponseBodyEmitterReturnValueHandler$HttpMessageConvertingHandler.send(ResponseBodyEmitterReturnValueHandler.java:212)
	at org.springframework.web.servlet.mvc.method.annotation.ResponseBodyEmitter.sendInternal(ResponseBodyEmitter.java:234)
	at org.springframework.web.servlet.mvc.method.annotation.ResponseBodyEmitter.send(ResponseBodyEmitter.java:225)
	at org.springframework.web.servlet.mvc.method.annotation.SseEmitter.send(SseEmitter.java:135)
	at org.springframework.web.servlet.mvc.method.annotation.SseEmitter.send(SseEmitter.java:118)
	at org.springframework.web.servlet.mvc.method.annotation.ReactiveTypeHandler$SseEmitterSubscriber.send(ReactiveTypeHandler.java:391)
	at org.springframework.web.servlet.mvc.method.annotation.ReactiveTypeHandler$AbstractEmitterSubscriber.run(ReactiveTypeHandler.java:332)
	at java.base/java.util.concurrent.ThreadPoolExecutor.runWorker(ThreadPoolExecutor.java:1136)
	at java.base/java.util.concurrent.ThreadPoolExecutor$Worker.run(ThreadPoolExecutor.java:635)
	at java.base/java.lang.Thread.run(Thread.java:842)
25-04-15.10:26:30.150 [http-nio-8090-exec-6] ERROR [localhost]            - Exception Processing [ErrorPage[errorCode=0, location=/error]]
java.io.IOException: Broken pipe
	at java.base/sun.nio.ch.FileDispatcherImpl.write0(Native Method)
	at java.base/sun.nio.ch.SocketDispatcher.write(SocketDispatcher.java:62)
	at java.base/sun.nio.ch.IOUtil.writeFromNativeBuffer(IOUtil.java:132)
	at java.base/sun.nio.ch.IOUtil.write(IOUtil.java:97)
	at java.base/sun.nio.ch.IOUtil.write(IOUtil.java:53)
	at java.base/sun.nio.ch.SocketChannelImpl.write(SocketChannelImpl.java:532)
	at org.apache.tomcat.util.net.NioChannel.write(NioChannel.java:118)
	at org.apache.tomcat.util.net.NioEndpoint$NioSocketWrapper.doWrite(NioEndpoint.java:1381)
	at org.apache.tomcat.util.net.SocketWrapperBase.doWrite(SocketWrapperBase.java:764)
	at org.apache.tomcat.util.net.SocketWrapperBase.flushBlocking(SocketWrapperBase.java:728)
	at org.apache.tomcat.util.net.SocketWrapperBase.flush(SocketWrapperBase.java:712)
	at org.apache.coyote.http11.Http11OutputBuffer$SocketOutputBuffer.flush(Http11OutputBuffer.java:566)
	at org.apache.coyote.http11.filters.ChunkedOutputFilter.flush(ChunkedOutputFilter.java:157)
	at org.apache.coyote.http11.Http11OutputBuffer.flush(Http11OutputBuffer.java:220)
	at org.apache.coyote.http11.Http11Processor.flush(Http11Processor.java:1245)
	at org.apache.coyote.AbstractProcessor.action(AbstractProcessor.java:400)
	at org.apache.coyote.Response.action(Response.java:208)
	at org.apache.catalina.connector.OutputBuffer.doFlush(OutputBuffer.java:301)
	at org.apache.catalina.connector.OutputBuffer.flush(OutputBuffer.java:267)
	at org.apache.catalina.connector.CoyoteOutputStream.flush(CoyoteOutputStream.java:120)
	at org.springframework.util.StreamUtils.copy(StreamUtils.java:135)
	at org.springframework.http.converter.StringHttpMessageConverter.writeInternal(StringHttpMessageConverter.java:128)
	at org.springframework.http.converter.StringHttpMessageConverter.writeInternal(StringHttpMessageConverter.java:44)
	at org.springframework.http.converter.AbstractHttpMessageConverter.write(AbstractHttpMessageConverter.java:236)
	at org.springframework.web.servlet.mvc.method.annotation.ResponseBodyEmitterReturnValueHandler$HttpMessageConvertingHandler.sendInternal(ResponseBodyEmitterReturnValueHandler.java:221)
	at org.springframework.web.servlet.mvc.method.annotation.ResponseBodyEmitterReturnValueHandler$HttpMessageConvertingHandler.send(ResponseBodyEmitterReturnValueHandler.java:212)
	at org.springframework.web.servlet.mvc.method.annotation.ResponseBodyEmitter.sendInternal(ResponseBodyEmitter.java:234)
	at org.springframework.web.servlet.mvc.method.annotation.ResponseBodyEmitter.send(ResponseBodyEmitter.java:225)
	at org.springframework.web.servlet.mvc.method.annotation.SseEmitter.send(SseEmitter.java:135)
	at org.springframework.web.servlet.mvc.method.annotation.SseEmitter.send(SseEmitter.java:118)
	at org.springframework.web.servlet.mvc.method.annotation.ReactiveTypeHandler$SseEmitterSubscriber.send(ReactiveTypeHandler.java:391)
	at org.springframework.web.servlet.mvc.method.annotation.ReactiveTypeHandler$AbstractEmitterSubscriber.run(ReactiveTypeHandler.java:332)
	at java.base/java.util.concurrent.ThreadPoolExecutor.runWorker(ThreadPoolExecutor.java:1136)
	at java.base/java.util.concurrent.ThreadPoolExecutor$Worker.run(ThreadPoolExecutor.java:635)
	at java.base/java.lang.Thread.run(Thread.java:842)
25-04-15.10:34:43.762 [http-nio-8090-exec-6] ERROR [dispatcherServlet]    - Servlet.service() for servlet [dispatcherServlet] threw exception
java.io.IOException: Broken pipe
	at java.base/sun.nio.ch.FileDispatcherImpl.write0(Native Method)
	at java.base/sun.nio.ch.SocketDispatcher.write(SocketDispatcher.java:62)
	at java.base/sun.nio.ch.IOUtil.writeFromNativeBuffer(IOUtil.java:132)
	at java.base/sun.nio.ch.IOUtil.write(IOUtil.java:97)
	at java.base/sun.nio.ch.IOUtil.write(IOUtil.java:53)
	at java.base/sun.nio.ch.SocketChannelImpl.write(SocketChannelImpl.java:532)
	at org.apache.tomcat.util.net.NioChannel.write(NioChannel.java:118)
	at org.apache.tomcat.util.net.NioEndpoint$NioSocketWrapper.doWrite(NioEndpoint.java:1381)
	at org.apache.tomcat.util.net.SocketWrapperBase.doWrite(SocketWrapperBase.java:764)
	at org.apache.tomcat.util.net.SocketWrapperBase.flushBlocking(SocketWrapperBase.java:728)
	at org.apache.tomcat.util.net.SocketWrapperBase.flush(SocketWrapperBase.java:712)
	at org.apache.coyote.http11.Http11OutputBuffer$SocketOutputBuffer.flush(Http11OutputBuffer.java:566)
	at org.apache.coyote.http11.filters.ChunkedOutputFilter.flush(ChunkedOutputFilter.java:157)
	at org.apache.coyote.http11.Http11OutputBuffer.flush(Http11OutputBuffer.java:220)
	at org.apache.coyote.http11.Http11Processor.flush(Http11Processor.java:1245)
	at org.apache.coyote.AbstractProcessor.action(AbstractProcessor.java:400)
	at org.apache.coyote.Response.action(Response.java:208)
	at org.apache.catalina.connector.OutputBuffer.doFlush(OutputBuffer.java:301)
	at org.apache.catalina.connector.OutputBuffer.flush(OutputBuffer.java:267)
	at org.apache.catalina.connector.CoyoteOutputStream.flush(CoyoteOutputStream.java:120)
	at org.springframework.util.StreamUtils.copy(StreamUtils.java:135)
	at org.springframework.http.converter.StringHttpMessageConverter.writeInternal(StringHttpMessageConverter.java:128)
	at org.springframework.http.converter.StringHttpMessageConverter.writeInternal(StringHttpMessageConverter.java:44)
	at org.springframework.http.converter.AbstractHttpMessageConverter.write(AbstractHttpMessageConverter.java:236)
	at org.springframework.web.servlet.mvc.method.annotation.ResponseBodyEmitterReturnValueHandler$HttpMessageConvertingHandler.sendInternal(ResponseBodyEmitterReturnValueHandler.java:221)
	at org.springframework.web.servlet.mvc.method.annotation.ResponseBodyEmitterReturnValueHandler$HttpMessageConvertingHandler.send(ResponseBodyEmitterReturnValueHandler.java:212)
	at org.springframework.web.servlet.mvc.method.annotation.ResponseBodyEmitter.sendInternal(ResponseBodyEmitter.java:234)
	at org.springframework.web.servlet.mvc.method.annotation.ResponseBodyEmitter.send(ResponseBodyEmitter.java:225)
	at org.springframework.web.servlet.mvc.method.annotation.SseEmitter.send(SseEmitter.java:135)
	at org.springframework.web.servlet.mvc.method.annotation.SseEmitter.send(SseEmitter.java:118)
	at org.springframework.web.servlet.mvc.method.annotation.ReactiveTypeHandler$SseEmitterSubscriber.send(ReactiveTypeHandler.java:391)
	at org.springframework.web.servlet.mvc.method.annotation.ReactiveTypeHandler$AbstractEmitterSubscriber.run(ReactiveTypeHandler.java:332)
	at java.base/java.util.concurrent.ThreadPoolExecutor.runWorker(ThreadPoolExecutor.java:1136)
	at java.base/java.util.concurrent.ThreadPoolExecutor$Worker.run(ThreadPoolExecutor.java:635)
	at java.base/java.lang.Thread.run(Thread.java:842)
25-04-15.10:34:43.762 [http-nio-8090-exec-6] ERROR [localhost]            - Exception Processing [ErrorPage[errorCode=0, location=/error]]
java.io.IOException: Broken pipe
	at java.base/sun.nio.ch.FileDispatcherImpl.write0(Native Method)
	at java.base/sun.nio.ch.SocketDispatcher.write(SocketDispatcher.java:62)
	at java.base/sun.nio.ch.IOUtil.writeFromNativeBuffer(IOUtil.java:132)
	at java.base/sun.nio.ch.IOUtil.write(IOUtil.java:97)
	at java.base/sun.nio.ch.IOUtil.write(IOUtil.java:53)
	at java.base/sun.nio.ch.SocketChannelImpl.write(SocketChannelImpl.java:532)
	at org.apache.tomcat.util.net.NioChannel.write(NioChannel.java:118)
	at org.apache.tomcat.util.net.NioEndpoint$NioSocketWrapper.doWrite(NioEndpoint.java:1381)
	at org.apache.tomcat.util.net.SocketWrapperBase.doWrite(SocketWrapperBase.java:764)
	at org.apache.tomcat.util.net.SocketWrapperBase.flushBlocking(SocketWrapperBase.java:728)
	at org.apache.tomcat.util.net.SocketWrapperBase.flush(SocketWrapperBase.java:712)
	at org.apache.coyote.http11.Http11OutputBuffer$SocketOutputBuffer.flush(Http11OutputBuffer.java:566)
	at org.apache.coyote.http11.filters.ChunkedOutputFilter.flush(ChunkedOutputFilter.java:157)
	at org.apache.coyote.http11.Http11OutputBuffer.flush(Http11OutputBuffer.java:220)
	at org.apache.coyote.http11.Http11Processor.flush(Http11Processor.java:1245)
	at org.apache.coyote.AbstractProcessor.action(AbstractProcessor.java:400)
	at org.apache.coyote.Response.action(Response.java:208)
	at org.apache.catalina.connector.OutputBuffer.doFlush(OutputBuffer.java:301)
	at org.apache.catalina.connector.OutputBuffer.flush(OutputBuffer.java:267)
	at org.apache.catalina.connector.CoyoteOutputStream.flush(CoyoteOutputStream.java:120)
	at org.springframework.util.StreamUtils.copy(StreamUtils.java:135)
	at org.springframework.http.converter.StringHttpMessageConverter.writeInternal(StringHttpMessageConverter.java:128)
	at org.springframework.http.converter.StringHttpMessageConverter.writeInternal(StringHttpMessageConverter.java:44)
	at org.springframework.http.converter.AbstractHttpMessageConverter.write(AbstractHttpMessageConverter.java:236)
	at org.springframework.web.servlet.mvc.method.annotation.ResponseBodyEmitterReturnValueHandler$HttpMessageConvertingHandler.sendInternal(ResponseBodyEmitterReturnValueHandler.java:221)
	at org.springframework.web.servlet.mvc.method.annotation.ResponseBodyEmitterReturnValueHandler$HttpMessageConvertingHandler.send(ResponseBodyEmitterReturnValueHandler.java:212)
	at org.springframework.web.servlet.mvc.method.annotation.ResponseBodyEmitter.sendInternal(ResponseBodyEmitter.java:234)
	at org.springframework.web.servlet.mvc.method.annotation.ResponseBodyEmitter.send(ResponseBodyEmitter.java:225)
	at org.springframework.web.servlet.mvc.method.annotation.SseEmitter.send(SseEmitter.java:135)
	at org.springframework.web.servlet.mvc.method.annotation.SseEmitter.send(SseEmitter.java:118)
	at org.springframework.web.servlet.mvc.method.annotation.ReactiveTypeHandler$SseEmitterSubscriber.send(ReactiveTypeHandler.java:391)
	at org.springframework.web.servlet.mvc.method.annotation.ReactiveTypeHandler$AbstractEmitterSubscriber.run(ReactiveTypeHandler.java:332)
	at java.base/java.util.concurrent.ThreadPoolExecutor.runWorker(ThreadPoolExecutor.java:1136)
	at java.base/java.util.concurrent.ThreadPoolExecutor$Worker.run(ThreadPoolExecutor.java:635)
	at java.base/java.lang.Thread.run(Thread.java:842)
25-04-15.10:34:55.748 [http-nio-8090-exec-8] ERROR [dispatcherServlet]    - Servlet.service() for servlet [dispatcherServlet] threw exception
java.io.IOException: Broken pipe
	at java.base/sun.nio.ch.FileDispatcherImpl.write0(Native Method)
	at java.base/sun.nio.ch.SocketDispatcher.write(SocketDispatcher.java:62)
	at java.base/sun.nio.ch.IOUtil.writeFromNativeBuffer(IOUtil.java:132)
	at java.base/sun.nio.ch.IOUtil.write(IOUtil.java:97)
	at java.base/sun.nio.ch.IOUtil.write(IOUtil.java:53)
	at java.base/sun.nio.ch.SocketChannelImpl.write(SocketChannelImpl.java:532)
	at org.apache.tomcat.util.net.NioChannel.write(NioChannel.java:118)
	at org.apache.tomcat.util.net.NioEndpoint$NioSocketWrapper.doWrite(NioEndpoint.java:1381)
	at org.apache.tomcat.util.net.SocketWrapperBase.doWrite(SocketWrapperBase.java:764)
	at org.apache.tomcat.util.net.SocketWrapperBase.flushBlocking(SocketWrapperBase.java:728)
	at org.apache.tomcat.util.net.SocketWrapperBase.flush(SocketWrapperBase.java:712)
	at org.apache.coyote.http11.Http11OutputBuffer$SocketOutputBuffer.flush(Http11OutputBuffer.java:566)
	at org.apache.coyote.http11.filters.ChunkedOutputFilter.flush(ChunkedOutputFilter.java:157)
	at org.apache.coyote.http11.Http11OutputBuffer.flush(Http11OutputBuffer.java:220)
	at org.apache.coyote.http11.Http11Processor.flush(Http11Processor.java:1245)
	at org.apache.coyote.AbstractProcessor.action(AbstractProcessor.java:400)
	at org.apache.coyote.Response.action(Response.java:208)
	at org.apache.catalina.connector.OutputBuffer.doFlush(OutputBuffer.java:301)
	at org.apache.catalina.connector.OutputBuffer.flush(OutputBuffer.java:267)
	at org.apache.catalina.connector.CoyoteOutputStream.flush(CoyoteOutputStream.java:120)
	at java.base/java.io.FilterOutputStream.flush(FilterOutputStream.java:153)
	at com.fasterxml.jackson.core.json.UTF8JsonGenerator.flush(UTF8JsonGenerator.java:1200)
	at com.fasterxml.jackson.databind.ObjectWriter.writeValue(ObjectWriter.java:1063)
	at org.springframework.http.converter.json.AbstractJackson2HttpMessageConverter.writeInternal(AbstractJackson2HttpMessageConverter.java:483)
	at org.springframework.http.converter.AbstractGenericHttpMessageConverter.writeInternal(AbstractGenericHttpMessageConverter.java:123)
	at org.springframework.http.converter.AbstractHttpMessageConverter.write(AbstractHttpMessageConverter.java:236)
	at org.springframework.web.servlet.mvc.method.annotation.ResponseBodyEmitterReturnValueHandler$HttpMessageConvertingHandler.sendInternal(ResponseBodyEmitterReturnValueHandler.java:221)
	at org.springframework.web.servlet.mvc.method.annotation.ResponseBodyEmitterReturnValueHandler$HttpMessageConvertingHandler.send(ResponseBodyEmitterReturnValueHandler.java:212)
	at org.springframework.web.servlet.mvc.method.annotation.ResponseBodyEmitter.sendInternal(ResponseBodyEmitter.java:234)
	at org.springframework.web.servlet.mvc.method.annotation.ResponseBodyEmitter.send(ResponseBodyEmitter.java:225)
	at org.springframework.web.servlet.mvc.method.annotation.SseEmitter.send(SseEmitter.java:135)
	at org.springframework.web.servlet.mvc.method.annotation.SseEmitter.send(SseEmitter.java:118)
	at org.springframework.web.servlet.mvc.method.annotation.ReactiveTypeHandler$SseEmitterSubscriber.send(ReactiveTypeHandler.java:391)
	at org.springframework.web.servlet.mvc.method.annotation.ReactiveTypeHandler$AbstractEmitterSubscriber.run(ReactiveTypeHandler.java:332)
	at java.base/java.util.concurrent.ThreadPoolExecutor.runWorker(ThreadPoolExecutor.java:1136)
	at java.base/java.util.concurrent.ThreadPoolExecutor$Worker.run(ThreadPoolExecutor.java:635)
	at java.base/java.lang.Thread.run(Thread.java:842)
25-04-15.10:34:55.749 [http-nio-8090-exec-8] ERROR [localhost]            - Exception Processing [ErrorPage[errorCode=0, location=/error]]
java.io.IOException: Broken pipe
	at java.base/sun.nio.ch.FileDispatcherImpl.write0(Native Method)
	at java.base/sun.nio.ch.SocketDispatcher.write(SocketDispatcher.java:62)
	at java.base/sun.nio.ch.IOUtil.writeFromNativeBuffer(IOUtil.java:132)
	at java.base/sun.nio.ch.IOUtil.write(IOUtil.java:97)
	at java.base/sun.nio.ch.IOUtil.write(IOUtil.java:53)
	at java.base/sun.nio.ch.SocketChannelImpl.write(SocketChannelImpl.java:532)
	at org.apache.tomcat.util.net.NioChannel.write(NioChannel.java:118)
	at org.apache.tomcat.util.net.NioEndpoint$NioSocketWrapper.doWrite(NioEndpoint.java:1381)
	at org.apache.tomcat.util.net.SocketWrapperBase.doWrite(SocketWrapperBase.java:764)
	at org.apache.tomcat.util.net.SocketWrapperBase.flushBlocking(SocketWrapperBase.java:728)
	at org.apache.tomcat.util.net.SocketWrapperBase.flush(SocketWrapperBase.java:712)
	at org.apache.coyote.http11.Http11OutputBuffer$SocketOutputBuffer.flush(Http11OutputBuffer.java:566)
	at org.apache.coyote.http11.filters.ChunkedOutputFilter.flush(ChunkedOutputFilter.java:157)
	at org.apache.coyote.http11.Http11OutputBuffer.flush(Http11OutputBuffer.java:220)
	at org.apache.coyote.http11.Http11Processor.flush(Http11Processor.java:1245)
	at org.apache.coyote.AbstractProcessor.action(AbstractProcessor.java:400)
	at org.apache.coyote.Response.action(Response.java:208)
	at org.apache.catalina.connector.OutputBuffer.doFlush(OutputBuffer.java:301)
	at org.apache.catalina.connector.OutputBuffer.flush(OutputBuffer.java:267)
	at org.apache.catalina.connector.CoyoteOutputStream.flush(CoyoteOutputStream.java:120)
	at java.base/java.io.FilterOutputStream.flush(FilterOutputStream.java:153)
	at com.fasterxml.jackson.core.json.UTF8JsonGenerator.flush(UTF8JsonGenerator.java:1200)
	at com.fasterxml.jackson.databind.ObjectWriter.writeValue(ObjectWriter.java:1063)
	at org.springframework.http.converter.json.AbstractJackson2HttpMessageConverter.writeInternal(AbstractJackson2HttpMessageConverter.java:483)
	at org.springframework.http.converter.AbstractGenericHttpMessageConverter.writeInternal(AbstractGenericHttpMessageConverter.java:123)
	at org.springframework.http.converter.AbstractHttpMessageConverter.write(AbstractHttpMessageConverter.java:236)
	at org.springframework.web.servlet.mvc.method.annotation.ResponseBodyEmitterReturnValueHandler$HttpMessageConvertingHandler.sendInternal(ResponseBodyEmitterReturnValueHandler.java:221)
	at org.springframework.web.servlet.mvc.method.annotation.ResponseBodyEmitterReturnValueHandler$HttpMessageConvertingHandler.send(ResponseBodyEmitterReturnValueHandler.java:212)
	at org.springframework.web.servlet.mvc.method.annotation.ResponseBodyEmitter.sendInternal(ResponseBodyEmitter.java:234)
	at org.springframework.web.servlet.mvc.method.annotation.ResponseBodyEmitter.send(ResponseBodyEmitter.java:225)
	at org.springframework.web.servlet.mvc.method.annotation.SseEmitter.send(SseEmitter.java:135)
	at org.springframework.web.servlet.mvc.method.annotation.SseEmitter.send(SseEmitter.java:118)
	at org.springframework.web.servlet.mvc.method.annotation.ReactiveTypeHandler$SseEmitterSubscriber.send(ReactiveTypeHandler.java:391)
	at org.springframework.web.servlet.mvc.method.annotation.ReactiveTypeHandler$AbstractEmitterSubscriber.run(ReactiveTypeHandler.java:332)
	at java.base/java.util.concurrent.ThreadPoolExecutor.runWorker(ThreadPoolExecutor.java:1136)
	at java.base/java.util.concurrent.ThreadPoolExecutor$Worker.run(ThreadPoolExecutor.java:635)
	at java.base/java.lang.Thread.run(Thread.java:842)
25-04-15.10:48:45.963 [HikariCP housekeeper] WARN  HikariPool             - HikariCP - Thread starvation or clock leap detected (housekeeper delta=46s99ms).
25-04-15.10:50:50.480 [HikariCP housekeeper] WARN  HikariPool             - HikariCP - Thread starvation or clock leap detected (housekeeper delta=2m4s517ms).
25-04-15.10:51:38.916 [HikariCP housekeeper] WARN  HikariPool             - HikariCP - Thread starvation or clock leap detected (housekeeper delta=48s436ms).
25-04-15.10:52:56.079 [HikariCP housekeeper] WARN  HikariPool             - HikariCP - Thread starvation or clock leap detected (housekeeper delta=1m17s163ms).
25-04-15.10:57:46.311 [HikariCP housekeeper] WARN  HikariPool             - HikariCP - Thread starvation or clock leap detected (housekeeper delta=4m50s232ms).
25-04-15.11:04:44.999 [HikariCP housekeeper] WARN  HikariPool             - HikariCP - Thread starvation or clock leap detected (housekeeper delta=6m58s688ms).
25-04-15.11:05:41.928 [redisson-timer-4-1] ERROR PingConnectionHandler  - Unable to send PING command over channel: [id: 0x5de5a450, L:/145.118.227.146:53385 - R:188.245.233.12/188.245.233.12:16379]
org.redisson.client.RedisTimeoutException: Command execution timeout for command: (PING), params: [], Redis client: [addr=redis://188.245.233.12:16379,188.245.233.12/188.245.233.12:16379]
	at org.redisson.client.RedisConnection.lambda$async$2(RedisConnection.java:295)
	at io.netty.util.HashedWheelTimer$HashedWheelTimeout.run(HashedWheelTimer.java:706)
	at io.netty.util.concurrent.ImmediateExecutor.execute(ImmediateExecutor.java:34)
	at io.netty.util.HashedWheelTimer$HashedWheelTimeout.expire(HashedWheelTimer.java:694)
	at io.netty.util.HashedWheelTimer$HashedWheelBucket.expireTimeouts(HashedWheelTimer.java:781)
	at io.netty.util.HashedWheelTimer$Worker.run(HashedWheelTimer.java:494)
	at io.netty.util.concurrent.FastThreadLocalRunnable.run(FastThreadLocalRunnable.java:30)
	at java.base/java.lang.Thread.run(Thread.java:842)
25-04-15.11:05:41.934 [redisson-timer-4-1] ERROR PingConnectionHandler  - Unable to send PING command over channel: [id: 0x2ed24330, L:/145.118.227.146:53386 - R:188.245.233.12/188.245.233.12:16379]
org.redisson.client.RedisTimeoutException: Command execution timeout for command: (PING), params: [], Redis client: [addr=redis://188.245.233.12:16379,188.245.233.12/188.245.233.12:16379]
	at org.redisson.client.RedisConnection.lambda$async$2(RedisConnection.java:295)
	at io.netty.util.HashedWheelTimer$HashedWheelTimeout.run(HashedWheelTimer.java:706)
	at io.netty.util.concurrent.ImmediateExecutor.execute(ImmediateExecutor.java:34)
	at io.netty.util.HashedWheelTimer$HashedWheelTimeout.expire(HashedWheelTimer.java:694)
	at io.netty.util.HashedWheelTimer$HashedWheelBucket.expireTimeouts(HashedWheelTimer.java:781)
	at io.netty.util.HashedWheelTimer$Worker.run(HashedWheelTimer.java:494)
	at io.netty.util.concurrent.FastThreadLocalRunnable.run(FastThreadLocalRunnable.java:30)
	at java.base/java.lang.Thread.run(Thread.java:842)
25-04-15.11:05:41.935 [redisson-timer-4-1] ERROR PingConnectionHandler  - Unable to send PING command over channel: [id: 0xf66be170, L:/145.118.227.146:53387 - R:188.245.233.12/188.245.233.12:16379]
org.redisson.client.RedisTimeoutException: Command execution timeout for command: (PING), params: [], Redis client: [addr=redis://188.245.233.12:16379,188.245.233.12/188.245.233.12:16379]
	at org.redisson.client.RedisConnection.lambda$async$2(RedisConnection.java:295)
	at io.netty.util.HashedWheelTimer$HashedWheelTimeout.run(HashedWheelTimer.java:706)
	at io.netty.util.concurrent.ImmediateExecutor.execute(ImmediateExecutor.java:34)
	at io.netty.util.HashedWheelTimer$HashedWheelTimeout.expire(HashedWheelTimer.java:694)
	at io.netty.util.HashedWheelTimer$HashedWheelBucket.expireTimeouts(HashedWheelTimer.java:781)
	at io.netty.util.HashedWheelTimer$Worker.run(HashedWheelTimer.java:494)
	at io.netty.util.concurrent.FastThreadLocalRunnable.run(FastThreadLocalRunnable.java:30)
	at java.base/java.lang.Thread.run(Thread.java:842)
25-04-15.11:05:41.935 [redisson-timer-4-1] ERROR PingConnectionHandler  - Unable to send PING command over channel: [id: 0xb23a1a7d, L:/145.118.227.146:53388 - R:188.245.233.12/188.245.233.12:16379]
org.redisson.client.RedisTimeoutException: Command execution timeout for command: (PING), params: [], Redis client: [addr=redis://188.245.233.12:16379,188.245.233.12/188.245.233.12:16379]
	at org.redisson.client.RedisConnection.lambda$async$2(RedisConnection.java:295)
	at io.netty.util.HashedWheelTimer$HashedWheelTimeout.run(HashedWheelTimer.java:706)
	at io.netty.util.concurrent.ImmediateExecutor.execute(ImmediateExecutor.java:34)
	at io.netty.util.HashedWheelTimer$HashedWheelTimeout.expire(HashedWheelTimer.java:694)
	at io.netty.util.HashedWheelTimer$HashedWheelBucket.expireTimeouts(HashedWheelTimer.java:781)
	at io.netty.util.HashedWheelTimer$Worker.run(HashedWheelTimer.java:494)
	at io.netty.util.concurrent.FastThreadLocalRunnable.run(FastThreadLocalRunnable.java:30)
	at java.base/java.lang.Thread.run(Thread.java:842)
25-04-15.11:05:41.935 [redisson-timer-4-1] ERROR PingConnectionHandler  - Unable to send PING command over channel: [id: 0xf393b520, L:/145.118.227.146:53389 - R:188.245.233.12/188.245.233.12:16379]
org.redisson.client.RedisTimeoutException: Command execution timeout for command: (PING), params: [], Redis client: [addr=redis://188.245.233.12:16379,188.245.233.12/188.245.233.12:16379]
	at org.redisson.client.RedisConnection.lambda$async$2(RedisConnection.java:295)
	at io.netty.util.HashedWheelTimer$HashedWheelTimeout.run(HashedWheelTimer.java:706)
	at io.netty.util.concurrent.ImmediateExecutor.execute(ImmediateExecutor.java:34)
	at io.netty.util.HashedWheelTimer$HashedWheelTimeout.expire(HashedWheelTimer.java:694)
	at io.netty.util.HashedWheelTimer$HashedWheelBucket.expireTimeouts(HashedWheelTimer.java:781)
	at io.netty.util.HashedWheelTimer$Worker.run(HashedWheelTimer.java:494)
	at io.netty.util.concurrent.FastThreadLocalRunnable.run(FastThreadLocalRunnable.java:30)
	at java.base/java.lang.Thread.run(Thread.java:842)
25-04-15.11:05:41.935 [redisson-timer-4-1] ERROR PingConnectionHandler  - Unable to send PING command over channel: [id: 0x05d52342, L:/145.118.227.146:53390 - R:188.245.233.12/188.245.233.12:16379]
org.redisson.client.RedisTimeoutException: Command execution timeout for command: (PING), params: [], Redis client: [addr=redis://188.245.233.12:16379,188.245.233.12/188.245.233.12:16379]
	at org.redisson.client.RedisConnection.lambda$async$2(RedisConnection.java:295)
	at io.netty.util.HashedWheelTimer$HashedWheelTimeout.run(HashedWheelTimer.java:706)
	at io.netty.util.concurrent.ImmediateExecutor.execute(ImmediateExecutor.java:34)
	at io.netty.util.HashedWheelTimer$HashedWheelTimeout.expire(HashedWheelTimer.java:694)
	at io.netty.util.HashedWheelTimer$HashedWheelBucket.expireTimeouts(HashedWheelTimer.java:781)
	at io.netty.util.HashedWheelTimer$Worker.run(HashedWheelTimer.java:494)
	at io.netty.util.concurrent.FastThreadLocalRunnable.run(FastThreadLocalRunnable.java:30)
	at java.base/java.lang.Thread.run(Thread.java:842)
25-04-15.11:22:00.616 [main            ] WARN  DnsServerAddressStreamProviders - Can not find io.netty.resolver.dns.macos.MacOSDnsServerAddressStreamProvider in the classpath, fallback to system defaults. This may result in incorrect DNS resolutions on MacOS. Check whether you have a dependency on 'io.netty:netty-resolver-dns-native-macos'
25-04-15.11:24:28.949 [http-nio-8090-exec-8] ERROR [dispatcherServlet]    - Servlet.service() for servlet [dispatcherServlet] threw exception
java.io.IOException: Broken pipe
	at java.base/sun.nio.ch.FileDispatcherImpl.write0(Native Method)
	at java.base/sun.nio.ch.SocketDispatcher.write(SocketDispatcher.java:62)
	at java.base/sun.nio.ch.IOUtil.writeFromNativeBuffer(IOUtil.java:132)
	at java.base/sun.nio.ch.IOUtil.write(IOUtil.java:97)
	at java.base/sun.nio.ch.IOUtil.write(IOUtil.java:53)
	at java.base/sun.nio.ch.SocketChannelImpl.write(SocketChannelImpl.java:532)
	at org.apache.tomcat.util.net.NioChannel.write(NioChannel.java:118)
	at org.apache.tomcat.util.net.NioEndpoint$NioSocketWrapper.doWrite(NioEndpoint.java:1381)
	at org.apache.tomcat.util.net.SocketWrapperBase.doWrite(SocketWrapperBase.java:764)
	at org.apache.tomcat.util.net.SocketWrapperBase.flushBlocking(SocketWrapperBase.java:728)
	at org.apache.tomcat.util.net.SocketWrapperBase.flush(SocketWrapperBase.java:712)
	at org.apache.coyote.http11.Http11OutputBuffer$SocketOutputBuffer.flush(Http11OutputBuffer.java:566)
	at org.apache.coyote.http11.filters.ChunkedOutputFilter.flush(ChunkedOutputFilter.java:157)
	at org.apache.coyote.http11.Http11OutputBuffer.flush(Http11OutputBuffer.java:220)
	at org.apache.coyote.http11.Http11Processor.flush(Http11Processor.java:1245)
	at org.apache.coyote.AbstractProcessor.action(AbstractProcessor.java:400)
	at org.apache.coyote.Response.action(Response.java:208)
	at org.apache.catalina.connector.OutputBuffer.doFlush(OutputBuffer.java:301)
	at org.apache.catalina.connector.OutputBuffer.flush(OutputBuffer.java:267)
	at org.apache.catalina.connector.CoyoteOutputStream.flush(CoyoteOutputStream.java:120)
	at java.base/java.io.FilterOutputStream.flush(FilterOutputStream.java:153)
	at com.fasterxml.jackson.core.json.UTF8JsonGenerator.flush(UTF8JsonGenerator.java:1200)
	at com.fasterxml.jackson.databind.ObjectWriter.writeValue(ObjectWriter.java:1063)
	at org.springframework.http.converter.json.AbstractJackson2HttpMessageConverter.writeInternal(AbstractJackson2HttpMessageConverter.java:483)
	at org.springframework.http.converter.AbstractGenericHttpMessageConverter.writeInternal(AbstractGenericHttpMessageConverter.java:123)
	at org.springframework.http.converter.AbstractHttpMessageConverter.write(AbstractHttpMessageConverter.java:236)
	at org.springframework.web.servlet.mvc.method.annotation.ResponseBodyEmitterReturnValueHandler$HttpMessageConvertingHandler.sendInternal(ResponseBodyEmitterReturnValueHandler.java:221)
	at org.springframework.web.servlet.mvc.method.annotation.ResponseBodyEmitterReturnValueHandler$HttpMessageConvertingHandler.send(ResponseBodyEmitterReturnValueHandler.java:212)
	at org.springframework.web.servlet.mvc.method.annotation.ResponseBodyEmitter.sendInternal(ResponseBodyEmitter.java:234)
	at org.springframework.web.servlet.mvc.method.annotation.ResponseBodyEmitter.send(ResponseBodyEmitter.java:225)
	at org.springframework.web.servlet.mvc.method.annotation.SseEmitter.send(SseEmitter.java:135)
	at org.springframework.web.servlet.mvc.method.annotation.SseEmitter.send(SseEmitter.java:118)
	at org.springframework.web.servlet.mvc.method.annotation.ReactiveTypeHandler$SseEmitterSubscriber.send(ReactiveTypeHandler.java:391)
	at org.springframework.web.servlet.mvc.method.annotation.ReactiveTypeHandler$AbstractEmitterSubscriber.run(ReactiveTypeHandler.java:332)
	at java.base/java.util.concurrent.ThreadPoolExecutor.runWorker(ThreadPoolExecutor.java:1136)
	at java.base/java.util.concurrent.ThreadPoolExecutor$Worker.run(ThreadPoolExecutor.java:635)
	at java.base/java.lang.Thread.run(Thread.java:842)
25-04-15.11:24:28.951 [http-nio-8090-exec-8] ERROR [localhost]            - Exception Processing [ErrorPage[errorCode=0, location=/error]]
java.io.IOException: Broken pipe
	at java.base/sun.nio.ch.FileDispatcherImpl.write0(Native Method)
	at java.base/sun.nio.ch.SocketDispatcher.write(SocketDispatcher.java:62)
	at java.base/sun.nio.ch.IOUtil.writeFromNativeBuffer(IOUtil.java:132)
	at java.base/sun.nio.ch.IOUtil.write(IOUtil.java:97)
	at java.base/sun.nio.ch.IOUtil.write(IOUtil.java:53)
	at java.base/sun.nio.ch.SocketChannelImpl.write(SocketChannelImpl.java:532)
	at org.apache.tomcat.util.net.NioChannel.write(NioChannel.java:118)
	at org.apache.tomcat.util.net.NioEndpoint$NioSocketWrapper.doWrite(NioEndpoint.java:1381)
	at org.apache.tomcat.util.net.SocketWrapperBase.doWrite(SocketWrapperBase.java:764)
	at org.apache.tomcat.util.net.SocketWrapperBase.flushBlocking(SocketWrapperBase.java:728)
	at org.apache.tomcat.util.net.SocketWrapperBase.flush(SocketWrapperBase.java:712)
	at org.apache.coyote.http11.Http11OutputBuffer$SocketOutputBuffer.flush(Http11OutputBuffer.java:566)
	at org.apache.coyote.http11.filters.ChunkedOutputFilter.flush(ChunkedOutputFilter.java:157)
	at org.apache.coyote.http11.Http11OutputBuffer.flush(Http11OutputBuffer.java:220)
	at org.apache.coyote.http11.Http11Processor.flush(Http11Processor.java:1245)
	at org.apache.coyote.AbstractProcessor.action(AbstractProcessor.java:400)
	at org.apache.coyote.Response.action(Response.java:208)
	at org.apache.catalina.connector.OutputBuffer.doFlush(OutputBuffer.java:301)
	at org.apache.catalina.connector.OutputBuffer.flush(OutputBuffer.java:267)
	at org.apache.catalina.connector.CoyoteOutputStream.flush(CoyoteOutputStream.java:120)
	at java.base/java.io.FilterOutputStream.flush(FilterOutputStream.java:153)
	at com.fasterxml.jackson.core.json.UTF8JsonGenerator.flush(UTF8JsonGenerator.java:1200)
	at com.fasterxml.jackson.databind.ObjectWriter.writeValue(ObjectWriter.java:1063)
	at org.springframework.http.converter.json.AbstractJackson2HttpMessageConverter.writeInternal(AbstractJackson2HttpMessageConverter.java:483)
	at org.springframework.http.converter.AbstractGenericHttpMessageConverter.writeInternal(AbstractGenericHttpMessageConverter.java:123)
	at org.springframework.http.converter.AbstractHttpMessageConverter.write(AbstractHttpMessageConverter.java:236)
	at org.springframework.web.servlet.mvc.method.annotation.ResponseBodyEmitterReturnValueHandler$HttpMessageConvertingHandler.sendInternal(ResponseBodyEmitterReturnValueHandler.java:221)
	at org.springframework.web.servlet.mvc.method.annotation.ResponseBodyEmitterReturnValueHandler$HttpMessageConvertingHandler.send(ResponseBodyEmitterReturnValueHandler.java:212)
	at org.springframework.web.servlet.mvc.method.annotation.ResponseBodyEmitter.sendInternal(ResponseBodyEmitter.java:234)
	at org.springframework.web.servlet.mvc.method.annotation.ResponseBodyEmitter.send(ResponseBodyEmitter.java:225)
	at org.springframework.web.servlet.mvc.method.annotation.SseEmitter.send(SseEmitter.java:135)
	at org.springframework.web.servlet.mvc.method.annotation.SseEmitter.send(SseEmitter.java:118)
	at org.springframework.web.servlet.mvc.method.annotation.ReactiveTypeHandler$SseEmitterSubscriber.send(ReactiveTypeHandler.java:391)
	at org.springframework.web.servlet.mvc.method.annotation.ReactiveTypeHandler$AbstractEmitterSubscriber.run(ReactiveTypeHandler.java:332)
	at java.base/java.util.concurrent.ThreadPoolExecutor.runWorker(ThreadPoolExecutor.java:1136)
	at java.base/java.util.concurrent.ThreadPoolExecutor$Worker.run(ThreadPoolExecutor.java:635)
	at java.base/java.lang.Thread.run(Thread.java:842)
25-04-15.11:42:57.888 [http-nio-8090-exec-5] ERROR [dispatcherServlet]    - Servlet.service() for servlet [dispatcherServlet] threw exception
java.io.IOException: Broken pipe
	at java.base/sun.nio.ch.FileDispatcherImpl.write0(Native Method)
	at java.base/sun.nio.ch.SocketDispatcher.write(SocketDispatcher.java:62)
	at java.base/sun.nio.ch.IOUtil.writeFromNativeBuffer(IOUtil.java:132)
	at java.base/sun.nio.ch.IOUtil.write(IOUtil.java:97)
	at java.base/sun.nio.ch.IOUtil.write(IOUtil.java:53)
	at java.base/sun.nio.ch.SocketChannelImpl.write(SocketChannelImpl.java:532)
	at org.apache.tomcat.util.net.NioChannel.write(NioChannel.java:118)
	at org.apache.tomcat.util.net.NioEndpoint$NioSocketWrapper.doWrite(NioEndpoint.java:1381)
	at org.apache.tomcat.util.net.SocketWrapperBase.doWrite(SocketWrapperBase.java:764)
	at org.apache.tomcat.util.net.SocketWrapperBase.flushBlocking(SocketWrapperBase.java:728)
	at org.apache.tomcat.util.net.SocketWrapperBase.flush(SocketWrapperBase.java:712)
	at org.apache.coyote.http11.Http11OutputBuffer$SocketOutputBuffer.flush(Http11OutputBuffer.java:566)
	at org.apache.coyote.http11.filters.ChunkedOutputFilter.flush(ChunkedOutputFilter.java:157)
	at org.apache.coyote.http11.Http11OutputBuffer.flush(Http11OutputBuffer.java:220)
	at org.apache.coyote.http11.Http11Processor.flush(Http11Processor.java:1245)
	at org.apache.coyote.AbstractProcessor.action(AbstractProcessor.java:400)
	at org.apache.coyote.Response.action(Response.java:208)
	at org.apache.catalina.connector.OutputBuffer.doFlush(OutputBuffer.java:301)
	at org.apache.catalina.connector.OutputBuffer.flush(OutputBuffer.java:267)
	at org.apache.catalina.connector.CoyoteOutputStream.flush(CoyoteOutputStream.java:120)
	at java.base/java.io.FilterOutputStream.flush(FilterOutputStream.java:153)
	at com.fasterxml.jackson.core.json.UTF8JsonGenerator.flush(UTF8JsonGenerator.java:1200)
	at com.fasterxml.jackson.databind.ObjectWriter.writeValue(ObjectWriter.java:1063)
	at org.springframework.http.converter.json.AbstractJackson2HttpMessageConverter.writeInternal(AbstractJackson2HttpMessageConverter.java:483)
	at org.springframework.http.converter.AbstractGenericHttpMessageConverter.writeInternal(AbstractGenericHttpMessageConverter.java:123)
	at org.springframework.http.converter.AbstractHttpMessageConverter.write(AbstractHttpMessageConverter.java:236)
	at org.springframework.web.servlet.mvc.method.annotation.ResponseBodyEmitterReturnValueHandler$HttpMessageConvertingHandler.sendInternal(ResponseBodyEmitterReturnValueHandler.java:221)
	at org.springframework.web.servlet.mvc.method.annotation.ResponseBodyEmitterReturnValueHandler$HttpMessageConvertingHandler.send(ResponseBodyEmitterReturnValueHandler.java:212)
	at org.springframework.web.servlet.mvc.method.annotation.ResponseBodyEmitter.sendInternal(ResponseBodyEmitter.java:234)
	at org.springframework.web.servlet.mvc.method.annotation.ResponseBodyEmitter.send(ResponseBodyEmitter.java:225)
	at org.springframework.web.servlet.mvc.method.annotation.SseEmitter.send(SseEmitter.java:135)
	at org.springframework.web.servlet.mvc.method.annotation.SseEmitter.send(SseEmitter.java:118)
	at org.springframework.web.servlet.mvc.method.annotation.ReactiveTypeHandler$SseEmitterSubscriber.send(ReactiveTypeHandler.java:391)
	at org.springframework.web.servlet.mvc.method.annotation.ReactiveTypeHandler$AbstractEmitterSubscriber.run(ReactiveTypeHandler.java:332)
	at java.base/java.util.concurrent.ThreadPoolExecutor.runWorker(ThreadPoolExecutor.java:1136)
	at java.base/java.util.concurrent.ThreadPoolExecutor$Worker.run(ThreadPoolExecutor.java:635)
	at java.base/java.lang.Thread.run(Thread.java:842)
25-04-15.11:42:57.889 [http-nio-8090-exec-5] ERROR [localhost]            - Exception Processing [ErrorPage[errorCode=0, location=/error]]
java.io.IOException: Broken pipe
	at java.base/sun.nio.ch.FileDispatcherImpl.write0(Native Method)
	at java.base/sun.nio.ch.SocketDispatcher.write(SocketDispatcher.java:62)
	at java.base/sun.nio.ch.IOUtil.writeFromNativeBuffer(IOUtil.java:132)
	at java.base/sun.nio.ch.IOUtil.write(IOUtil.java:97)
	at java.base/sun.nio.ch.IOUtil.write(IOUtil.java:53)
	at java.base/sun.nio.ch.SocketChannelImpl.write(SocketChannelImpl.java:532)
	at org.apache.tomcat.util.net.NioChannel.write(NioChannel.java:118)
	at org.apache.tomcat.util.net.NioEndpoint$NioSocketWrapper.doWrite(NioEndpoint.java:1381)
	at org.apache.tomcat.util.net.SocketWrapperBase.doWrite(SocketWrapperBase.java:764)
	at org.apache.tomcat.util.net.SocketWrapperBase.flushBlocking(SocketWrapperBase.java:728)
	at org.apache.tomcat.util.net.SocketWrapperBase.flush(SocketWrapperBase.java:712)
	at org.apache.coyote.http11.Http11OutputBuffer$SocketOutputBuffer.flush(Http11OutputBuffer.java:566)
	at org.apache.coyote.http11.filters.ChunkedOutputFilter.flush(ChunkedOutputFilter.java:157)
	at org.apache.coyote.http11.Http11OutputBuffer.flush(Http11OutputBuffer.java:220)
	at org.apache.coyote.http11.Http11Processor.flush(Http11Processor.java:1245)
	at org.apache.coyote.AbstractProcessor.action(AbstractProcessor.java:400)
	at org.apache.coyote.Response.action(Response.java:208)
	at org.apache.catalina.connector.OutputBuffer.doFlush(OutputBuffer.java:301)
	at org.apache.catalina.connector.OutputBuffer.flush(OutputBuffer.java:267)
	at org.apache.catalina.connector.CoyoteOutputStream.flush(CoyoteOutputStream.java:120)
	at java.base/java.io.FilterOutputStream.flush(FilterOutputStream.java:153)
	at com.fasterxml.jackson.core.json.UTF8JsonGenerator.flush(UTF8JsonGenerator.java:1200)
	at com.fasterxml.jackson.databind.ObjectWriter.writeValue(ObjectWriter.java:1063)
	at org.springframework.http.converter.json.AbstractJackson2HttpMessageConverter.writeInternal(AbstractJackson2HttpMessageConverter.java:483)
	at org.springframework.http.converter.AbstractGenericHttpMessageConverter.writeInternal(AbstractGenericHttpMessageConverter.java:123)
	at org.springframework.http.converter.AbstractHttpMessageConverter.write(AbstractHttpMessageConverter.java:236)
	at org.springframework.web.servlet.mvc.method.annotation.ResponseBodyEmitterReturnValueHandler$HttpMessageConvertingHandler.sendInternal(ResponseBodyEmitterReturnValueHandler.java:221)
	at org.springframework.web.servlet.mvc.method.annotation.ResponseBodyEmitterReturnValueHandler$HttpMessageConvertingHandler.send(ResponseBodyEmitterReturnValueHandler.java:212)
	at org.springframework.web.servlet.mvc.method.annotation.ResponseBodyEmitter.sendInternal(ResponseBodyEmitter.java:234)
	at org.springframework.web.servlet.mvc.method.annotation.ResponseBodyEmitter.send(ResponseBodyEmitter.java:225)
	at org.springframework.web.servlet.mvc.method.annotation.SseEmitter.send(SseEmitter.java:135)
	at org.springframework.web.servlet.mvc.method.annotation.SseEmitter.send(SseEmitter.java:118)
	at org.springframework.web.servlet.mvc.method.annotation.ReactiveTypeHandler$SseEmitterSubscriber.send(ReactiveTypeHandler.java:391)
	at org.springframework.web.servlet.mvc.method.annotation.ReactiveTypeHandler$AbstractEmitterSubscriber.run(ReactiveTypeHandler.java:332)
	at java.base/java.util.concurrent.ThreadPoolExecutor.runWorker(ThreadPoolExecutor.java:1136)
	at java.base/java.util.concurrent.ThreadPoolExecutor$Worker.run(ThreadPoolExecutor.java:635)
	at java.base/java.lang.Thread.run(Thread.java:842)
25-04-15.11:43:30.858 [main            ] WARN  DnsServerAddressStreamProviders - Can not find io.netty.resolver.dns.macos.MacOSDnsServerAddressStreamProvider in the classpath, fallback to system defaults. This may result in incorrect DNS resolutions on MacOS. Check whether you have a dependency on 'io.netty:netty-resolver-dns-native-macos'
25-04-15.11:43:30.900 [main            ] WARN  DnsServerAddressStreamProviders - Can not find io.netty.resolver.dns.macos.MacOSDnsServerAddressStreamProvider in the classpath, fallback to system defaults. This may result in incorrect DNS resolutions on MacOS. Check whether you have a dependency on 'io.netty:netty-resolver-dns-native-macos'
25-04-15.11:43:32.174 [main            ] WARN  AnnotationConfigServletWebServerApplicationContext - Exception encountered during context initialization - cancelling refresh attempt: org.springframework.context.ApplicationContextException: Failed to start bean 'webServerStartStop'
25-04-15.11:43:32.230 [main            ] ERROR LoggingFailureAnalysisReporter - 

***************************
APPLICATION FAILED TO START
***************************

Description:

Web server failed to start. Port 8090 was already in use.

Action:

Identify and stop the process that's listening on port 8090 or configure this application to listen on another port.

25-04-15.12:02:18.346 [http-nio-8090-exec-4] ERROR [dispatcherServlet]    - Servlet.service() for servlet [dispatcherServlet] threw exception
java.net.SocketException: Connection reset
	at java.base/sun.nio.ch.SocketChannelImpl.throwConnectionReset(SocketChannelImpl.java:394)
	at java.base/sun.nio.ch.SocketChannelImpl.read(SocketChannelImpl.java:426)
	at java.net.http/jdk.internal.net.http.SocketTube.readAvailable(SocketTube.java:1170)
	at java.net.http/jdk.internal.net.http.SocketTube$InternalReadPublisher$InternalReadSubscription.read(SocketTube.java:833)
	at java.net.http/jdk.internal.net.http.SocketTube$SocketFlowTask.run(SocketTube.java:181)
	at java.net.http/jdk.internal.net.http.common.SequentialScheduler$SchedulableTask.run(SequentialScheduler.java:230)
	at java.net.http/jdk.internal.net.http.common.SequentialScheduler.runOrSchedule(SequentialScheduler.java:303)
	at java.net.http/jdk.internal.net.http.common.SequentialScheduler.runOrSchedule(SequentialScheduler.java:256)
	at java.net.http/jdk.internal.net.http.SocketTube$InternalReadPublisher$InternalReadSubscription.signalReadable(SocketTube.java:774)
	at java.net.http/jdk.internal.net.http.SocketTube$InternalReadPublisher$ReadEvent.signalEvent(SocketTube.java:957)
	at java.net.http/jdk.internal.net.http.SocketTube$SocketFlowEvent.handle(SocketTube.java:253)
	at java.net.http/jdk.internal.net.http.HttpClientImpl$SelectorManager.handleEvent(HttpClientImpl.java:979)
	at java.net.http/jdk.internal.net.http.HttpClientImpl$SelectorManager.lambda$run$3(HttpClientImpl.java:934)
	at java.base/java.util.ArrayList.forEach(ArrayList.java:1511)
	at java.net.http/jdk.internal.net.http.HttpClientImpl$SelectorManager.run(HttpClientImpl.java:934)
25-04-15.12:02:18.347 [http-nio-8090-exec-4] ERROR [dispatcherServlet]    - Servlet.service() for servlet [dispatcherServlet] in context with path [] threw exception [Request processing failed: org.springframework.web.reactive.function.client.WebClientRequestException: HTTP/1.1 header parser received no bytes] with root cause
java.net.SocketException: Connection reset
	at java.base/sun.nio.ch.SocketChannelImpl.throwConnectionReset(SocketChannelImpl.java:394)
	at java.base/sun.nio.ch.SocketChannelImpl.read(SocketChannelImpl.java:426)
	at java.net.http/jdk.internal.net.http.SocketTube.readAvailable(SocketTube.java:1170)
	at java.net.http/jdk.internal.net.http.SocketTube$InternalReadPublisher$InternalReadSubscription.read(SocketTube.java:833)
	at java.net.http/jdk.internal.net.http.SocketTube$SocketFlowTask.run(SocketTube.java:181)
	at java.net.http/jdk.internal.net.http.common.SequentialScheduler$SchedulableTask.run(SequentialScheduler.java:230)
	at java.net.http/jdk.internal.net.http.common.SequentialScheduler.runOrSchedule(SequentialScheduler.java:303)
	at java.net.http/jdk.internal.net.http.common.SequentialScheduler.runOrSchedule(SequentialScheduler.java:256)
	at java.net.http/jdk.internal.net.http.SocketTube$InternalReadPublisher$InternalReadSubscription.signalReadable(SocketTube.java:774)
	at java.net.http/jdk.internal.net.http.SocketTube$InternalReadPublisher$ReadEvent.signalEvent(SocketTube.java:957)
	at java.net.http/jdk.internal.net.http.SocketTube$SocketFlowEvent.handle(SocketTube.java:253)
	at java.net.http/jdk.internal.net.http.HttpClientImpl$SelectorManager.handleEvent(HttpClientImpl.java:979)
	at java.net.http/jdk.internal.net.http.HttpClientImpl$SelectorManager.lambda$run$3(HttpClientImpl.java:934)
	at java.base/java.util.ArrayList.forEach(ArrayList.java:1511)
	at java.net.http/jdk.internal.net.http.HttpClientImpl$SelectorManager.run(HttpClientImpl.java:934)
25-04-15.12:03:57.359 [http-nio-8090-exec-2] ERROR [dispatcherServlet]    - Servlet.service() for servlet [dispatcherServlet] threw exception
java.io.IOException: Broken pipe
	at java.base/sun.nio.ch.FileDispatcherImpl.write0(Native Method)
	at java.base/sun.nio.ch.SocketDispatcher.write(SocketDispatcher.java:62)
	at java.base/sun.nio.ch.IOUtil.writeFromNativeBuffer(IOUtil.java:132)
	at java.base/sun.nio.ch.IOUtil.write(IOUtil.java:97)
	at java.base/sun.nio.ch.IOUtil.write(IOUtil.java:53)
	at java.base/sun.nio.ch.SocketChannelImpl.write(SocketChannelImpl.java:532)
	at org.apache.tomcat.util.net.NioChannel.write(NioChannel.java:118)
	at org.apache.tomcat.util.net.NioEndpoint$NioSocketWrapper.doWrite(NioEndpoint.java:1381)
	at org.apache.tomcat.util.net.SocketWrapperBase.doWrite(SocketWrapperBase.java:764)
	at org.apache.tomcat.util.net.SocketWrapperBase.flushBlocking(SocketWrapperBase.java:728)
	at org.apache.tomcat.util.net.SocketWrapperBase.flush(SocketWrapperBase.java:712)
	at org.apache.coyote.http11.Http11OutputBuffer$SocketOutputBuffer.flush(Http11OutputBuffer.java:566)
	at org.apache.coyote.http11.filters.ChunkedOutputFilter.flush(ChunkedOutputFilter.java:157)
	at org.apache.coyote.http11.Http11OutputBuffer.flush(Http11OutputBuffer.java:220)
	at org.apache.coyote.http11.Http11Processor.flush(Http11Processor.java:1245)
	at org.apache.coyote.AbstractProcessor.action(AbstractProcessor.java:400)
	at org.apache.coyote.Response.action(Response.java:208)
	at org.apache.catalina.connector.OutputBuffer.doFlush(OutputBuffer.java:301)
	at org.apache.catalina.connector.OutputBuffer.flush(OutputBuffer.java:267)
	at org.apache.catalina.connector.CoyoteOutputStream.flush(CoyoteOutputStream.java:120)
	at java.base/java.io.FilterOutputStream.flush(FilterOutputStream.java:153)
	at com.fasterxml.jackson.core.json.UTF8JsonGenerator.flush(UTF8JsonGenerator.java:1200)
	at com.fasterxml.jackson.databind.ObjectWriter.writeValue(ObjectWriter.java:1063)
	at org.springframework.http.converter.json.AbstractJackson2HttpMessageConverter.writeInternal(AbstractJackson2HttpMessageConverter.java:483)
	at org.springframework.http.converter.AbstractGenericHttpMessageConverter.writeInternal(AbstractGenericHttpMessageConverter.java:123)
	at org.springframework.http.converter.AbstractHttpMessageConverter.write(AbstractHttpMessageConverter.java:236)
	at org.springframework.web.servlet.mvc.method.annotation.ResponseBodyEmitterReturnValueHandler$HttpMessageConvertingHandler.sendInternal(ResponseBodyEmitterReturnValueHandler.java:221)
	at org.springframework.web.servlet.mvc.method.annotation.ResponseBodyEmitterReturnValueHandler$HttpMessageConvertingHandler.send(ResponseBodyEmitterReturnValueHandler.java:212)
	at org.springframework.web.servlet.mvc.method.annotation.ResponseBodyEmitter.sendInternal(ResponseBodyEmitter.java:234)
	at org.springframework.web.servlet.mvc.method.annotation.ResponseBodyEmitter.send(ResponseBodyEmitter.java:225)
	at org.springframework.web.servlet.mvc.method.annotation.SseEmitter.send(SseEmitter.java:135)
	at org.springframework.web.servlet.mvc.method.annotation.SseEmitter.send(SseEmitter.java:118)
	at org.springframework.web.servlet.mvc.method.annotation.ReactiveTypeHandler$SseEmitterSubscriber.send(ReactiveTypeHandler.java:391)
	at org.springframework.web.servlet.mvc.method.annotation.ReactiveTypeHandler$AbstractEmitterSubscriber.run(ReactiveTypeHandler.java:332)
	at java.base/java.util.concurrent.ThreadPoolExecutor.runWorker(ThreadPoolExecutor.java:1136)
	at java.base/java.util.concurrent.ThreadPoolExecutor$Worker.run(ThreadPoolExecutor.java:635)
	at java.base/java.lang.Thread.run(Thread.java:842)
25-04-15.12:03:57.360 [http-nio-8090-exec-2] ERROR [localhost]            - Exception Processing [ErrorPage[errorCode=0, location=/error]]
java.io.IOException: Broken pipe
	at java.base/sun.nio.ch.FileDispatcherImpl.write0(Native Method)
	at java.base/sun.nio.ch.SocketDispatcher.write(SocketDispatcher.java:62)
	at java.base/sun.nio.ch.IOUtil.writeFromNativeBuffer(IOUtil.java:132)
	at java.base/sun.nio.ch.IOUtil.write(IOUtil.java:97)
	at java.base/sun.nio.ch.IOUtil.write(IOUtil.java:53)
	at java.base/sun.nio.ch.SocketChannelImpl.write(SocketChannelImpl.java:532)
	at org.apache.tomcat.util.net.NioChannel.write(NioChannel.java:118)
	at org.apache.tomcat.util.net.NioEndpoint$NioSocketWrapper.doWrite(NioEndpoint.java:1381)
	at org.apache.tomcat.util.net.SocketWrapperBase.doWrite(SocketWrapperBase.java:764)
	at org.apache.tomcat.util.net.SocketWrapperBase.flushBlocking(SocketWrapperBase.java:728)
	at org.apache.tomcat.util.net.SocketWrapperBase.flush(SocketWrapperBase.java:712)
	at org.apache.coyote.http11.Http11OutputBuffer$SocketOutputBuffer.flush(Http11OutputBuffer.java:566)
	at org.apache.coyote.http11.filters.ChunkedOutputFilter.flush(ChunkedOutputFilter.java:157)
	at org.apache.coyote.http11.Http11OutputBuffer.flush(Http11OutputBuffer.java:220)
	at org.apache.coyote.http11.Http11Processor.flush(Http11Processor.java:1245)
	at org.apache.coyote.AbstractProcessor.action(AbstractProcessor.java:400)
	at org.apache.coyote.Response.action(Response.java:208)
	at org.apache.catalina.connector.OutputBuffer.doFlush(OutputBuffer.java:301)
	at org.apache.catalina.connector.OutputBuffer.flush(OutputBuffer.java:267)
	at org.apache.catalina.connector.CoyoteOutputStream.flush(CoyoteOutputStream.java:120)
	at java.base/java.io.FilterOutputStream.flush(FilterOutputStream.java:153)
	at com.fasterxml.jackson.core.json.UTF8JsonGenerator.flush(UTF8JsonGenerator.java:1200)
	at com.fasterxml.jackson.databind.ObjectWriter.writeValue(ObjectWriter.java:1063)
	at org.springframework.http.converter.json.AbstractJackson2HttpMessageConverter.writeInternal(AbstractJackson2HttpMessageConverter.java:483)
	at org.springframework.http.converter.AbstractGenericHttpMessageConverter.writeInternal(AbstractGenericHttpMessageConverter.java:123)
	at org.springframework.http.converter.AbstractHttpMessageConverter.write(AbstractHttpMessageConverter.java:236)
	at org.springframework.web.servlet.mvc.method.annotation.ResponseBodyEmitterReturnValueHandler$HttpMessageConvertingHandler.sendInternal(ResponseBodyEmitterReturnValueHandler.java:221)
	at org.springframework.web.servlet.mvc.method.annotation.ResponseBodyEmitterReturnValueHandler$HttpMessageConvertingHandler.send(ResponseBodyEmitterReturnValueHandler.java:212)
	at org.springframework.web.servlet.mvc.method.annotation.ResponseBodyEmitter.sendInternal(ResponseBodyEmitter.java:234)
	at org.springframework.web.servlet.mvc.method.annotation.ResponseBodyEmitter.send(ResponseBodyEmitter.java:225)
	at org.springframework.web.servlet.mvc.method.annotation.SseEmitter.send(SseEmitter.java:135)
	at org.springframework.web.servlet.mvc.method.annotation.SseEmitter.send(SseEmitter.java:118)
	at org.springframework.web.servlet.mvc.method.annotation.ReactiveTypeHandler$SseEmitterSubscriber.send(ReactiveTypeHandler.java:391)
	at org.springframework.web.servlet.mvc.method.annotation.ReactiveTypeHandler$AbstractEmitterSubscriber.run(ReactiveTypeHandler.java:332)
	at java.base/java.util.concurrent.ThreadPoolExecutor.runWorker(ThreadPoolExecutor.java:1136)
	at java.base/java.util.concurrent.ThreadPoolExecutor$Worker.run(ThreadPoolExecutor.java:635)
	at java.base/java.lang.Thread.run(Thread.java:842)
25-04-15.12:04:33.002 [http-nio-8090-exec-4] ERROR [dispatcherServlet]    - Servlet.service() for servlet [dispatcherServlet] threw exception
java.io.IOException: Broken pipe
	at java.base/sun.nio.ch.FileDispatcherImpl.write0(Native Method)
	at java.base/sun.nio.ch.SocketDispatcher.write(SocketDispatcher.java:62)
	at java.base/sun.nio.ch.IOUtil.writeFromNativeBuffer(IOUtil.java:132)
	at java.base/sun.nio.ch.IOUtil.write(IOUtil.java:97)
	at java.base/sun.nio.ch.IOUtil.write(IOUtil.java:53)
	at java.base/sun.nio.ch.SocketChannelImpl.write(SocketChannelImpl.java:532)
	at org.apache.tomcat.util.net.NioChannel.write(NioChannel.java:118)
	at org.apache.tomcat.util.net.NioEndpoint$NioSocketWrapper.doWrite(NioEndpoint.java:1381)
	at org.apache.tomcat.util.net.SocketWrapperBase.doWrite(SocketWrapperBase.java:764)
	at org.apache.tomcat.util.net.SocketWrapperBase.flushBlocking(SocketWrapperBase.java:728)
	at org.apache.tomcat.util.net.SocketWrapperBase.flush(SocketWrapperBase.java:712)
	at org.apache.coyote.http11.Http11OutputBuffer$SocketOutputBuffer.flush(Http11OutputBuffer.java:566)
	at org.apache.coyote.http11.filters.ChunkedOutputFilter.flush(ChunkedOutputFilter.java:157)
	at org.apache.coyote.http11.Http11OutputBuffer.flush(Http11OutputBuffer.java:220)
	at org.apache.coyote.http11.Http11Processor.flush(Http11Processor.java:1245)
	at org.apache.coyote.AbstractProcessor.action(AbstractProcessor.java:400)
	at org.apache.coyote.Response.action(Response.java:208)
	at org.apache.catalina.connector.OutputBuffer.doFlush(OutputBuffer.java:301)
	at org.apache.catalina.connector.OutputBuffer.flush(OutputBuffer.java:267)
	at org.apache.catalina.connector.CoyoteOutputStream.flush(CoyoteOutputStream.java:120)
	at java.base/java.io.FilterOutputStream.flush(FilterOutputStream.java:153)
	at com.fasterxml.jackson.core.json.UTF8JsonGenerator.flush(UTF8JsonGenerator.java:1200)
	at com.fasterxml.jackson.databind.ObjectWriter.writeValue(ObjectWriter.java:1063)
	at org.springframework.http.converter.json.AbstractJackson2HttpMessageConverter.writeInternal(AbstractJackson2HttpMessageConverter.java:483)
	at org.springframework.http.converter.AbstractGenericHttpMessageConverter.writeInternal(AbstractGenericHttpMessageConverter.java:123)
	at org.springframework.http.converter.AbstractHttpMessageConverter.write(AbstractHttpMessageConverter.java:236)
	at org.springframework.web.servlet.mvc.method.annotation.ResponseBodyEmitterReturnValueHandler$HttpMessageConvertingHandler.sendInternal(ResponseBodyEmitterReturnValueHandler.java:221)
	at org.springframework.web.servlet.mvc.method.annotation.ResponseBodyEmitterReturnValueHandler$HttpMessageConvertingHandler.send(ResponseBodyEmitterReturnValueHandler.java:212)
	at org.springframework.web.servlet.mvc.method.annotation.ResponseBodyEmitter.sendInternal(ResponseBodyEmitter.java:234)
	at org.springframework.web.servlet.mvc.method.annotation.ResponseBodyEmitter.send(ResponseBodyEmitter.java:225)
	at org.springframework.web.servlet.mvc.method.annotation.SseEmitter.send(SseEmitter.java:135)
	at org.springframework.web.servlet.mvc.method.annotation.SseEmitter.send(SseEmitter.java:118)
	at org.springframework.web.servlet.mvc.method.annotation.ReactiveTypeHandler$SseEmitterSubscriber.send(ReactiveTypeHandler.java:391)
	at org.springframework.web.servlet.mvc.method.annotation.ReactiveTypeHandler$AbstractEmitterSubscriber.run(ReactiveTypeHandler.java:332)
	at java.base/java.util.concurrent.ThreadPoolExecutor.runWorker(ThreadPoolExecutor.java:1136)
	at java.base/java.util.concurrent.ThreadPoolExecutor$Worker.run(ThreadPoolExecutor.java:635)
	at java.base/java.lang.Thread.run(Thread.java:842)
25-04-15.12:04:33.003 [http-nio-8090-exec-4] ERROR [localhost]            - Exception Processing [ErrorPage[errorCode=0, location=/error]]
java.io.IOException: Broken pipe
	at java.base/sun.nio.ch.FileDispatcherImpl.write0(Native Method)
	at java.base/sun.nio.ch.SocketDispatcher.write(SocketDispatcher.java:62)
	at java.base/sun.nio.ch.IOUtil.writeFromNativeBuffer(IOUtil.java:132)
	at java.base/sun.nio.ch.IOUtil.write(IOUtil.java:97)
	at java.base/sun.nio.ch.IOUtil.write(IOUtil.java:53)
	at java.base/sun.nio.ch.SocketChannelImpl.write(SocketChannelImpl.java:532)
	at org.apache.tomcat.util.net.NioChannel.write(NioChannel.java:118)
	at org.apache.tomcat.util.net.NioEndpoint$NioSocketWrapper.doWrite(NioEndpoint.java:1381)
	at org.apache.tomcat.util.net.SocketWrapperBase.doWrite(SocketWrapperBase.java:764)
	at org.apache.tomcat.util.net.SocketWrapperBase.flushBlocking(SocketWrapperBase.java:728)
	at org.apache.tomcat.util.net.SocketWrapperBase.flush(SocketWrapperBase.java:712)
	at org.apache.coyote.http11.Http11OutputBuffer$SocketOutputBuffer.flush(Http11OutputBuffer.java:566)
	at org.apache.coyote.http11.filters.ChunkedOutputFilter.flush(ChunkedOutputFilter.java:157)
	at org.apache.coyote.http11.Http11OutputBuffer.flush(Http11OutputBuffer.java:220)
	at org.apache.coyote.http11.Http11Processor.flush(Http11Processor.java:1245)
	at org.apache.coyote.AbstractProcessor.action(AbstractProcessor.java:400)
	at org.apache.coyote.Response.action(Response.java:208)
	at org.apache.catalina.connector.OutputBuffer.doFlush(OutputBuffer.java:301)
	at org.apache.catalina.connector.OutputBuffer.flush(OutputBuffer.java:267)
	at org.apache.catalina.connector.CoyoteOutputStream.flush(CoyoteOutputStream.java:120)
	at java.base/java.io.FilterOutputStream.flush(FilterOutputStream.java:153)
	at com.fasterxml.jackson.core.json.UTF8JsonGenerator.flush(UTF8JsonGenerator.java:1200)
	at com.fasterxml.jackson.databind.ObjectWriter.writeValue(ObjectWriter.java:1063)
	at org.springframework.http.converter.json.AbstractJackson2HttpMessageConverter.writeInternal(AbstractJackson2HttpMessageConverter.java:483)
	at org.springframework.http.converter.AbstractGenericHttpMessageConverter.writeInternal(AbstractGenericHttpMessageConverter.java:123)
	at org.springframework.http.converter.AbstractHttpMessageConverter.write(AbstractHttpMessageConverter.java:236)
	at org.springframework.web.servlet.mvc.method.annotation.ResponseBodyEmitterReturnValueHandler$HttpMessageConvertingHandler.sendInternal(ResponseBodyEmitterReturnValueHandler.java:221)
	at org.springframework.web.servlet.mvc.method.annotation.ResponseBodyEmitterReturnValueHandler$HttpMessageConvertingHandler.send(ResponseBodyEmitterReturnValueHandler.java:212)
	at org.springframework.web.servlet.mvc.method.annotation.ResponseBodyEmitter.sendInternal(ResponseBodyEmitter.java:234)
	at org.springframework.web.servlet.mvc.method.annotation.ResponseBodyEmitter.send(ResponseBodyEmitter.java:225)
	at org.springframework.web.servlet.mvc.method.annotation.SseEmitter.send(SseEmitter.java:135)
	at org.springframework.web.servlet.mvc.method.annotation.SseEmitter.send(SseEmitter.java:118)
	at org.springframework.web.servlet.mvc.method.annotation.ReactiveTypeHandler$SseEmitterSubscriber.send(ReactiveTypeHandler.java:391)
	at org.springframework.web.servlet.mvc.method.annotation.ReactiveTypeHandler$AbstractEmitterSubscriber.run(ReactiveTypeHandler.java:332)
	at java.base/java.util.concurrent.ThreadPoolExecutor.runWorker(ThreadPoolExecutor.java:1136)
	at java.base/java.util.concurrent.ThreadPoolExecutor$Worker.run(ThreadPoolExecutor.java:635)
	at java.base/java.lang.Thread.run(Thread.java:842)
25-04-15.12:39:44.348 [http-nio-8090-exec-6] ERROR [dispatcherServlet]    - Servlet.service() for servlet [dispatcherServlet] threw exception
java.io.IOException: Broken pipe
	at java.base/sun.nio.ch.FileDispatcherImpl.write0(Native Method)
	at java.base/sun.nio.ch.SocketDispatcher.write(SocketDispatcher.java:62)
	at java.base/sun.nio.ch.IOUtil.writeFromNativeBuffer(IOUtil.java:132)
	at java.base/sun.nio.ch.IOUtil.write(IOUtil.java:97)
	at java.base/sun.nio.ch.IOUtil.write(IOUtil.java:53)
	at java.base/sun.nio.ch.SocketChannelImpl.write(SocketChannelImpl.java:532)
	at org.apache.tomcat.util.net.NioChannel.write(NioChannel.java:118)
	at org.apache.tomcat.util.net.NioEndpoint$NioSocketWrapper.doWrite(NioEndpoint.java:1381)
	at org.apache.tomcat.util.net.SocketWrapperBase.doWrite(SocketWrapperBase.java:764)
	at org.apache.tomcat.util.net.SocketWrapperBase.flushBlocking(SocketWrapperBase.java:728)
	at org.apache.tomcat.util.net.SocketWrapperBase.flush(SocketWrapperBase.java:712)
	at org.apache.coyote.http11.Http11OutputBuffer$SocketOutputBuffer.flush(Http11OutputBuffer.java:566)
	at org.apache.coyote.http11.filters.ChunkedOutputFilter.flush(ChunkedOutputFilter.java:157)
	at org.apache.coyote.http11.Http11OutputBuffer.flush(Http11OutputBuffer.java:220)
	at org.apache.coyote.http11.Http11Processor.flush(Http11Processor.java:1245)
	at org.apache.coyote.AbstractProcessor.action(AbstractProcessor.java:400)
	at org.apache.coyote.Response.action(Response.java:208)
	at org.apache.catalina.connector.OutputBuffer.doFlush(OutputBuffer.java:301)
	at org.apache.catalina.connector.OutputBuffer.flush(OutputBuffer.java:267)
	at org.apache.catalina.connector.CoyoteOutputStream.flush(CoyoteOutputStream.java:120)
	at org.springframework.util.StreamUtils.copy(StreamUtils.java:135)
	at org.springframework.http.converter.StringHttpMessageConverter.writeInternal(StringHttpMessageConverter.java:128)
	at org.springframework.http.converter.StringHttpMessageConverter.writeInternal(StringHttpMessageConverter.java:44)
	at org.springframework.http.converter.AbstractHttpMessageConverter.write(AbstractHttpMessageConverter.java:236)
	at org.springframework.web.servlet.mvc.method.annotation.ResponseBodyEmitterReturnValueHandler$HttpMessageConvertingHandler.sendInternal(ResponseBodyEmitterReturnValueHandler.java:221)
	at org.springframework.web.servlet.mvc.method.annotation.ResponseBodyEmitterReturnValueHandler$HttpMessageConvertingHandler.send(ResponseBodyEmitterReturnValueHandler.java:212)
	at org.springframework.web.servlet.mvc.method.annotation.ResponseBodyEmitter.sendInternal(ResponseBodyEmitter.java:234)
	at org.springframework.web.servlet.mvc.method.annotation.ResponseBodyEmitter.send(ResponseBodyEmitter.java:225)
	at org.springframework.web.servlet.mvc.method.annotation.SseEmitter.send(SseEmitter.java:135)
	at org.springframework.web.servlet.mvc.method.annotation.SseEmitter.send(SseEmitter.java:118)
	at org.springframework.web.servlet.mvc.method.annotation.ReactiveTypeHandler$SseEmitterSubscriber.send(ReactiveTypeHandler.java:391)
	at org.springframework.web.servlet.mvc.method.annotation.ReactiveTypeHandler$AbstractEmitterSubscriber.run(ReactiveTypeHandler.java:332)
	at java.base/java.util.concurrent.ThreadPoolExecutor.runWorker(ThreadPoolExecutor.java:1136)
	at java.base/java.util.concurrent.ThreadPoolExecutor$Worker.run(ThreadPoolExecutor.java:635)
	at java.base/java.lang.Thread.run(Thread.java:842)
25-04-15.12:39:44.348 [http-nio-8090-exec-6] ERROR [localhost]            - Exception Processing [ErrorPage[errorCode=0, location=/error]]
java.io.IOException: Broken pipe
	at java.base/sun.nio.ch.FileDispatcherImpl.write0(Native Method)
	at java.base/sun.nio.ch.SocketDispatcher.write(SocketDispatcher.java:62)
	at java.base/sun.nio.ch.IOUtil.writeFromNativeBuffer(IOUtil.java:132)
	at java.base/sun.nio.ch.IOUtil.write(IOUtil.java:97)
	at java.base/sun.nio.ch.IOUtil.write(IOUtil.java:53)
	at java.base/sun.nio.ch.SocketChannelImpl.write(SocketChannelImpl.java:532)
	at org.apache.tomcat.util.net.NioChannel.write(NioChannel.java:118)
	at org.apache.tomcat.util.net.NioEndpoint$NioSocketWrapper.doWrite(NioEndpoint.java:1381)
	at org.apache.tomcat.util.net.SocketWrapperBase.doWrite(SocketWrapperBase.java:764)
	at org.apache.tomcat.util.net.SocketWrapperBase.flushBlocking(SocketWrapperBase.java:728)
	at org.apache.tomcat.util.net.SocketWrapperBase.flush(SocketWrapperBase.java:712)
	at org.apache.coyote.http11.Http11OutputBuffer$SocketOutputBuffer.flush(Http11OutputBuffer.java:566)
	at org.apache.coyote.http11.filters.ChunkedOutputFilter.flush(ChunkedOutputFilter.java:157)
	at org.apache.coyote.http11.Http11OutputBuffer.flush(Http11OutputBuffer.java:220)
	at org.apache.coyote.http11.Http11Processor.flush(Http11Processor.java:1245)
	at org.apache.coyote.AbstractProcessor.action(AbstractProcessor.java:400)
	at org.apache.coyote.Response.action(Response.java:208)
	at org.apache.catalina.connector.OutputBuffer.doFlush(OutputBuffer.java:301)
	at org.apache.catalina.connector.OutputBuffer.flush(OutputBuffer.java:267)
	at org.apache.catalina.connector.CoyoteOutputStream.flush(CoyoteOutputStream.java:120)
	at org.springframework.util.StreamUtils.copy(StreamUtils.java:135)
	at org.springframework.http.converter.StringHttpMessageConverter.writeInternal(StringHttpMessageConverter.java:128)
	at org.springframework.http.converter.StringHttpMessageConverter.writeInternal(StringHttpMessageConverter.java:44)
	at org.springframework.http.converter.AbstractHttpMessageConverter.write(AbstractHttpMessageConverter.java:236)
	at org.springframework.web.servlet.mvc.method.annotation.ResponseBodyEmitterReturnValueHandler$HttpMessageConvertingHandler.sendInternal(ResponseBodyEmitterReturnValueHandler.java:221)
	at org.springframework.web.servlet.mvc.method.annotation.ResponseBodyEmitterReturnValueHandler$HttpMessageConvertingHandler.send(ResponseBodyEmitterReturnValueHandler.java:212)
	at org.springframework.web.servlet.mvc.method.annotation.ResponseBodyEmitter.sendInternal(ResponseBodyEmitter.java:234)
	at org.springframework.web.servlet.mvc.method.annotation.ResponseBodyEmitter.send(ResponseBodyEmitter.java:225)
	at org.springframework.web.servlet.mvc.method.annotation.SseEmitter.send(SseEmitter.java:135)
	at org.springframework.web.servlet.mvc.method.annotation.SseEmitter.send(SseEmitter.java:118)
	at org.springframework.web.servlet.mvc.method.annotation.ReactiveTypeHandler$SseEmitterSubscriber.send(ReactiveTypeHandler.java:391)
	at org.springframework.web.servlet.mvc.method.annotation.ReactiveTypeHandler$AbstractEmitterSubscriber.run(ReactiveTypeHandler.java:332)
	at java.base/java.util.concurrent.ThreadPoolExecutor.runWorker(ThreadPoolExecutor.java:1136)
	at java.base/java.util.concurrent.ThreadPoolExecutor$Worker.run(ThreadPoolExecutor.java:635)
	at java.base/java.lang.Thread.run(Thread.java:842)
25-04-15.12:40:17.223 [http-nio-8090-exec-1] ERROR [dispatcherServlet]    - Servlet.service() for servlet [dispatcherServlet] threw exception
java.io.IOException: Broken pipe
	at java.base/sun.nio.ch.FileDispatcherImpl.write0(Native Method)
	at java.base/sun.nio.ch.SocketDispatcher.write(SocketDispatcher.java:62)
	at java.base/sun.nio.ch.IOUtil.writeFromNativeBuffer(IOUtil.java:132)
	at java.base/sun.nio.ch.IOUtil.write(IOUtil.java:97)
	at java.base/sun.nio.ch.IOUtil.write(IOUtil.java:53)
	at java.base/sun.nio.ch.SocketChannelImpl.write(SocketChannelImpl.java:532)
	at org.apache.tomcat.util.net.NioChannel.write(NioChannel.java:118)
	at org.apache.tomcat.util.net.NioEndpoint$NioSocketWrapper.doWrite(NioEndpoint.java:1381)
	at org.apache.tomcat.util.net.SocketWrapperBase.doWrite(SocketWrapperBase.java:764)
	at org.apache.tomcat.util.net.SocketWrapperBase.flushBlocking(SocketWrapperBase.java:728)
	at org.apache.tomcat.util.net.SocketWrapperBase.flush(SocketWrapperBase.java:712)
	at org.apache.coyote.http11.Http11OutputBuffer$SocketOutputBuffer.flush(Http11OutputBuffer.java:566)
	at org.apache.coyote.http11.filters.ChunkedOutputFilter.flush(ChunkedOutputFilter.java:157)
	at org.apache.coyote.http11.Http11OutputBuffer.flush(Http11OutputBuffer.java:220)
	at org.apache.coyote.http11.Http11Processor.flush(Http11Processor.java:1245)
	at org.apache.coyote.AbstractProcessor.action(AbstractProcessor.java:400)
	at org.apache.coyote.Response.action(Response.java:208)
	at org.apache.catalina.connector.OutputBuffer.doFlush(OutputBuffer.java:301)
	at org.apache.catalina.connector.OutputBuffer.flush(OutputBuffer.java:267)
	at org.apache.catalina.connector.CoyoteOutputStream.flush(CoyoteOutputStream.java:120)
	at java.base/java.io.FilterOutputStream.flush(FilterOutputStream.java:153)
	at com.fasterxml.jackson.core.json.UTF8JsonGenerator.flush(UTF8JsonGenerator.java:1200)
	at com.fasterxml.jackson.databind.ObjectWriter.writeValue(ObjectWriter.java:1063)
	at org.springframework.http.converter.json.AbstractJackson2HttpMessageConverter.writeInternal(AbstractJackson2HttpMessageConverter.java:483)
	at org.springframework.http.converter.AbstractGenericHttpMessageConverter.writeInternal(AbstractGenericHttpMessageConverter.java:123)
	at org.springframework.http.converter.AbstractHttpMessageConverter.write(AbstractHttpMessageConverter.java:236)
	at org.springframework.web.servlet.mvc.method.annotation.ResponseBodyEmitterReturnValueHandler$HttpMessageConvertingHandler.sendInternal(ResponseBodyEmitterReturnValueHandler.java:221)
	at org.springframework.web.servlet.mvc.method.annotation.ResponseBodyEmitterReturnValueHandler$HttpMessageConvertingHandler.send(ResponseBodyEmitterReturnValueHandler.java:212)
	at org.springframework.web.servlet.mvc.method.annotation.ResponseBodyEmitter.sendInternal(ResponseBodyEmitter.java:234)
	at org.springframework.web.servlet.mvc.method.annotation.ResponseBodyEmitter.send(ResponseBodyEmitter.java:225)
	at org.springframework.web.servlet.mvc.method.annotation.SseEmitter.send(SseEmitter.java:135)
	at org.springframework.web.servlet.mvc.method.annotation.SseEmitter.send(SseEmitter.java:118)
	at org.springframework.web.servlet.mvc.method.annotation.ReactiveTypeHandler$SseEmitterSubscriber.send(ReactiveTypeHandler.java:391)
	at org.springframework.web.servlet.mvc.method.annotation.ReactiveTypeHandler$AbstractEmitterSubscriber.run(ReactiveTypeHandler.java:332)
	at java.base/java.util.concurrent.ThreadPoolExecutor.runWorker(ThreadPoolExecutor.java:1136)
	at java.base/java.util.concurrent.ThreadPoolExecutor$Worker.run(ThreadPoolExecutor.java:635)
	at java.base/java.lang.Thread.run(Thread.java:842)
25-04-15.12:40:17.223 [http-nio-8090-exec-1] ERROR [localhost]            - Exception Processing [ErrorPage[errorCode=0, location=/error]]
java.io.IOException: Broken pipe
	at java.base/sun.nio.ch.FileDispatcherImpl.write0(Native Method)
	at java.base/sun.nio.ch.SocketDispatcher.write(SocketDispatcher.java:62)
	at java.base/sun.nio.ch.IOUtil.writeFromNativeBuffer(IOUtil.java:132)
	at java.base/sun.nio.ch.IOUtil.write(IOUtil.java:97)
	at java.base/sun.nio.ch.IOUtil.write(IOUtil.java:53)
	at java.base/sun.nio.ch.SocketChannelImpl.write(SocketChannelImpl.java:532)
	at org.apache.tomcat.util.net.NioChannel.write(NioChannel.java:118)
	at org.apache.tomcat.util.net.NioEndpoint$NioSocketWrapper.doWrite(NioEndpoint.java:1381)
	at org.apache.tomcat.util.net.SocketWrapperBase.doWrite(SocketWrapperBase.java:764)
	at org.apache.tomcat.util.net.SocketWrapperBase.flushBlocking(SocketWrapperBase.java:728)
	at org.apache.tomcat.util.net.SocketWrapperBase.flush(SocketWrapperBase.java:712)
	at org.apache.coyote.http11.Http11OutputBuffer$SocketOutputBuffer.flush(Http11OutputBuffer.java:566)
	at org.apache.coyote.http11.filters.ChunkedOutputFilter.flush(ChunkedOutputFilter.java:157)
	at org.apache.coyote.http11.Http11OutputBuffer.flush(Http11OutputBuffer.java:220)
	at org.apache.coyote.http11.Http11Processor.flush(Http11Processor.java:1245)
	at org.apache.coyote.AbstractProcessor.action(AbstractProcessor.java:400)
	at org.apache.coyote.Response.action(Response.java:208)
	at org.apache.catalina.connector.OutputBuffer.doFlush(OutputBuffer.java:301)
	at org.apache.catalina.connector.OutputBuffer.flush(OutputBuffer.java:267)
	at org.apache.catalina.connector.CoyoteOutputStream.flush(CoyoteOutputStream.java:120)
	at java.base/java.io.FilterOutputStream.flush(FilterOutputStream.java:153)
	at com.fasterxml.jackson.core.json.UTF8JsonGenerator.flush(UTF8JsonGenerator.java:1200)
	at com.fasterxml.jackson.databind.ObjectWriter.writeValue(ObjectWriter.java:1063)
	at org.springframework.http.converter.json.AbstractJackson2HttpMessageConverter.writeInternal(AbstractJackson2HttpMessageConverter.java:483)
	at org.springframework.http.converter.AbstractGenericHttpMessageConverter.writeInternal(AbstractGenericHttpMessageConverter.java:123)
	at org.springframework.http.converter.AbstractHttpMessageConverter.write(AbstractHttpMessageConverter.java:236)
	at org.springframework.web.servlet.mvc.method.annotation.ResponseBodyEmitterReturnValueHandler$HttpMessageConvertingHandler.sendInternal(ResponseBodyEmitterReturnValueHandler.java:221)
	at org.springframework.web.servlet.mvc.method.annotation.ResponseBodyEmitterReturnValueHandler$HttpMessageConvertingHandler.send(ResponseBodyEmitterReturnValueHandler.java:212)
	at org.springframework.web.servlet.mvc.method.annotation.ResponseBodyEmitter.sendInternal(ResponseBodyEmitter.java:234)
	at org.springframework.web.servlet.mvc.method.annotation.ResponseBodyEmitter.send(ResponseBodyEmitter.java:225)
	at org.springframework.web.servlet.mvc.method.annotation.SseEmitter.send(SseEmitter.java:135)
	at org.springframework.web.servlet.mvc.method.annotation.SseEmitter.send(SseEmitter.java:118)
	at org.springframework.web.servlet.mvc.method.annotation.ReactiveTypeHandler$SseEmitterSubscriber.send(ReactiveTypeHandler.java:391)
	at org.springframework.web.servlet.mvc.method.annotation.ReactiveTypeHandler$AbstractEmitterSubscriber.run(ReactiveTypeHandler.java:332)
	at java.base/java.util.concurrent.ThreadPoolExecutor.runWorker(ThreadPoolExecutor.java:1136)
	at java.base/java.util.concurrent.ThreadPoolExecutor$Worker.run(ThreadPoolExecutor.java:635)
	at java.base/java.lang.Thread.run(Thread.java:842)
25-04-15.12:45:15.351 [http-nio-8090-exec-2] ERROR [dispatcherServlet]    - Servlet.service() for servlet [dispatcherServlet] threw exception
java.io.IOException: Broken pipe
	at java.base/sun.nio.ch.FileDispatcherImpl.write0(Native Method)
	at java.base/sun.nio.ch.SocketDispatcher.write(SocketDispatcher.java:62)
	at java.base/sun.nio.ch.IOUtil.writeFromNativeBuffer(IOUtil.java:132)
	at java.base/sun.nio.ch.IOUtil.write(IOUtil.java:97)
	at java.base/sun.nio.ch.IOUtil.write(IOUtil.java:53)
	at java.base/sun.nio.ch.SocketChannelImpl.write(SocketChannelImpl.java:532)
	at org.apache.tomcat.util.net.NioChannel.write(NioChannel.java:118)
	at org.apache.tomcat.util.net.NioEndpoint$NioSocketWrapper.doWrite(NioEndpoint.java:1381)
	at org.apache.tomcat.util.net.SocketWrapperBase.doWrite(SocketWrapperBase.java:764)
	at org.apache.tomcat.util.net.SocketWrapperBase.flushBlocking(SocketWrapperBase.java:728)
	at org.apache.tomcat.util.net.SocketWrapperBase.flush(SocketWrapperBase.java:712)
	at org.apache.coyote.http11.Http11OutputBuffer$SocketOutputBuffer.flush(Http11OutputBuffer.java:566)
	at org.apache.coyote.http11.filters.ChunkedOutputFilter.flush(ChunkedOutputFilter.java:157)
	at org.apache.coyote.http11.Http11OutputBuffer.flush(Http11OutputBuffer.java:220)
	at org.apache.coyote.http11.Http11Processor.flush(Http11Processor.java:1245)
	at org.apache.coyote.AbstractProcessor.action(AbstractProcessor.java:400)
	at org.apache.coyote.Response.action(Response.java:208)
	at org.apache.catalina.connector.OutputBuffer.doFlush(OutputBuffer.java:301)
	at org.apache.catalina.connector.OutputBuffer.flush(OutputBuffer.java:267)
	at org.apache.catalina.connector.CoyoteOutputStream.flush(CoyoteOutputStream.java:120)
	at org.springframework.util.StreamUtils.copy(StreamUtils.java:135)
	at org.springframework.http.converter.StringHttpMessageConverter.writeInternal(StringHttpMessageConverter.java:128)
	at org.springframework.http.converter.StringHttpMessageConverter.writeInternal(StringHttpMessageConverter.java:44)
	at org.springframework.http.converter.AbstractHttpMessageConverter.write(AbstractHttpMessageConverter.java:236)
	at org.springframework.web.servlet.mvc.method.annotation.ResponseBodyEmitterReturnValueHandler$HttpMessageConvertingHandler.sendInternal(ResponseBodyEmitterReturnValueHandler.java:221)
	at org.springframework.web.servlet.mvc.method.annotation.ResponseBodyEmitterReturnValueHandler$HttpMessageConvertingHandler.send(ResponseBodyEmitterReturnValueHandler.java:212)
	at org.springframework.web.servlet.mvc.method.annotation.ResponseBodyEmitter.sendInternal(ResponseBodyEmitter.java:234)
	at org.springframework.web.servlet.mvc.method.annotation.ResponseBodyEmitter.send(ResponseBodyEmitter.java:225)
	at org.springframework.web.servlet.mvc.method.annotation.SseEmitter.send(SseEmitter.java:135)
	at org.springframework.web.servlet.mvc.method.annotation.SseEmitter.send(SseEmitter.java:118)
	at org.springframework.web.servlet.mvc.method.annotation.ReactiveTypeHandler$SseEmitterSubscriber.send(ReactiveTypeHandler.java:391)
	at org.springframework.web.servlet.mvc.method.annotation.ReactiveTypeHandler$AbstractEmitterSubscriber.run(ReactiveTypeHandler.java:332)
	at java.base/java.util.concurrent.ThreadPoolExecutor.runWorker(ThreadPoolExecutor.java:1136)
	at java.base/java.util.concurrent.ThreadPoolExecutor$Worker.run(ThreadPoolExecutor.java:635)
	at java.base/java.lang.Thread.run(Thread.java:842)
25-04-15.12:45:15.352 [http-nio-8090-exec-2] ERROR [localhost]            - Exception Processing [ErrorPage[errorCode=0, location=/error]]
java.io.IOException: Broken pipe
	at java.base/sun.nio.ch.FileDispatcherImpl.write0(Native Method)
	at java.base/sun.nio.ch.SocketDispatcher.write(SocketDispatcher.java:62)
	at java.base/sun.nio.ch.IOUtil.writeFromNativeBuffer(IOUtil.java:132)
	at java.base/sun.nio.ch.IOUtil.write(IOUtil.java:97)
	at java.base/sun.nio.ch.IOUtil.write(IOUtil.java:53)
	at java.base/sun.nio.ch.SocketChannelImpl.write(SocketChannelImpl.java:532)
	at org.apache.tomcat.util.net.NioChannel.write(NioChannel.java:118)
	at org.apache.tomcat.util.net.NioEndpoint$NioSocketWrapper.doWrite(NioEndpoint.java:1381)
	at org.apache.tomcat.util.net.SocketWrapperBase.doWrite(SocketWrapperBase.java:764)
	at org.apache.tomcat.util.net.SocketWrapperBase.flushBlocking(SocketWrapperBase.java:728)
	at org.apache.tomcat.util.net.SocketWrapperBase.flush(SocketWrapperBase.java:712)
	at org.apache.coyote.http11.Http11OutputBuffer$SocketOutputBuffer.flush(Http11OutputBuffer.java:566)
	at org.apache.coyote.http11.filters.ChunkedOutputFilter.flush(ChunkedOutputFilter.java:157)
	at org.apache.coyote.http11.Http11OutputBuffer.flush(Http11OutputBuffer.java:220)
	at org.apache.coyote.http11.Http11Processor.flush(Http11Processor.java:1245)
	at org.apache.coyote.AbstractProcessor.action(AbstractProcessor.java:400)
	at org.apache.coyote.Response.action(Response.java:208)
	at org.apache.catalina.connector.OutputBuffer.doFlush(OutputBuffer.java:301)
	at org.apache.catalina.connector.OutputBuffer.flush(OutputBuffer.java:267)
	at org.apache.catalina.connector.CoyoteOutputStream.flush(CoyoteOutputStream.java:120)
	at org.springframework.util.StreamUtils.copy(StreamUtils.java:135)
	at org.springframework.http.converter.StringHttpMessageConverter.writeInternal(StringHttpMessageConverter.java:128)
	at org.springframework.http.converter.StringHttpMessageConverter.writeInternal(StringHttpMessageConverter.java:44)
	at org.springframework.http.converter.AbstractHttpMessageConverter.write(AbstractHttpMessageConverter.java:236)
	at org.springframework.web.servlet.mvc.method.annotation.ResponseBodyEmitterReturnValueHandler$HttpMessageConvertingHandler.sendInternal(ResponseBodyEmitterReturnValueHandler.java:221)
	at org.springframework.web.servlet.mvc.method.annotation.ResponseBodyEmitterReturnValueHandler$HttpMessageConvertingHandler.send(ResponseBodyEmitterReturnValueHandler.java:212)
	at org.springframework.web.servlet.mvc.method.annotation.ResponseBodyEmitter.sendInternal(ResponseBodyEmitter.java:234)
	at org.springframework.web.servlet.mvc.method.annotation.ResponseBodyEmitter.send(ResponseBodyEmitter.java:225)
	at org.springframework.web.servlet.mvc.method.annotation.SseEmitter.send(SseEmitter.java:135)
	at org.springframework.web.servlet.mvc.method.annotation.SseEmitter.send(SseEmitter.java:118)
	at org.springframework.web.servlet.mvc.method.annotation.ReactiveTypeHandler$SseEmitterSubscriber.send(ReactiveTypeHandler.java:391)
	at org.springframework.web.servlet.mvc.method.annotation.ReactiveTypeHandler$AbstractEmitterSubscriber.run(ReactiveTypeHandler.java:332)
	at java.base/java.util.concurrent.ThreadPoolExecutor.runWorker(ThreadPoolExecutor.java:1136)
	at java.base/java.util.concurrent.ThreadPoolExecutor$Worker.run(ThreadPoolExecutor.java:635)
	at java.base/java.lang.Thread.run(Thread.java:842)
25-04-15.12:46:19.174 [main            ] WARN  DnsServerAddressStreamProviders - Can not find io.netty.resolver.dns.macos.MacOSDnsServerAddressStreamProvider in the classpath, fallback to system defaults. This may result in incorrect DNS resolutions on MacOS. Check whether you have a dependency on 'io.netty:netty-resolver-dns-native-macos'
25-04-15.12:59:40.550 [http-nio-8090-exec-9] ERROR [dispatcherServlet]    - Servlet.service() for servlet [dispatcherServlet] threw exception
java.io.IOException: Broken pipe
	at java.base/sun.nio.ch.FileDispatcherImpl.write0(Native Method)
	at java.base/sun.nio.ch.SocketDispatcher.write(SocketDispatcher.java:62)
	at java.base/sun.nio.ch.IOUtil.writeFromNativeBuffer(IOUtil.java:132)
	at java.base/sun.nio.ch.IOUtil.write(IOUtil.java:97)
	at java.base/sun.nio.ch.IOUtil.write(IOUtil.java:53)
	at java.base/sun.nio.ch.SocketChannelImpl.write(SocketChannelImpl.java:532)
	at org.apache.tomcat.util.net.NioChannel.write(NioChannel.java:118)
	at org.apache.tomcat.util.net.NioEndpoint$NioSocketWrapper.doWrite(NioEndpoint.java:1381)
	at org.apache.tomcat.util.net.SocketWrapperBase.doWrite(SocketWrapperBase.java:764)
	at org.apache.tomcat.util.net.SocketWrapperBase.flushBlocking(SocketWrapperBase.java:728)
	at org.apache.tomcat.util.net.SocketWrapperBase.flush(SocketWrapperBase.java:712)
	at org.apache.coyote.http11.Http11OutputBuffer$SocketOutputBuffer.flush(Http11OutputBuffer.java:566)
	at org.apache.coyote.http11.filters.ChunkedOutputFilter.flush(ChunkedOutputFilter.java:157)
	at org.apache.coyote.http11.Http11OutputBuffer.flush(Http11OutputBuffer.java:220)
	at org.apache.coyote.http11.Http11Processor.flush(Http11Processor.java:1245)
	at org.apache.coyote.AbstractProcessor.action(AbstractProcessor.java:400)
	at org.apache.coyote.Response.action(Response.java:208)
	at org.apache.catalina.connector.OutputBuffer.doFlush(OutputBuffer.java:301)
	at org.apache.catalina.connector.OutputBuffer.flush(OutputBuffer.java:267)
	at org.apache.catalina.connector.CoyoteOutputStream.flush(CoyoteOutputStream.java:120)
	at java.base/java.io.FilterOutputStream.flush(FilterOutputStream.java:153)
	at com.fasterxml.jackson.core.json.UTF8JsonGenerator.flush(UTF8JsonGenerator.java:1200)
	at com.fasterxml.jackson.databind.ObjectWriter.writeValue(ObjectWriter.java:1063)
	at org.springframework.http.converter.json.AbstractJackson2HttpMessageConverter.writeInternal(AbstractJackson2HttpMessageConverter.java:483)
	at org.springframework.http.converter.AbstractGenericHttpMessageConverter.writeInternal(AbstractGenericHttpMessageConverter.java:123)
	at org.springframework.http.converter.AbstractHttpMessageConverter.write(AbstractHttpMessageConverter.java:236)
	at org.springframework.web.servlet.mvc.method.annotation.ResponseBodyEmitterReturnValueHandler$HttpMessageConvertingHandler.sendInternal(ResponseBodyEmitterReturnValueHandler.java:221)
	at org.springframework.web.servlet.mvc.method.annotation.ResponseBodyEmitterReturnValueHandler$HttpMessageConvertingHandler.send(ResponseBodyEmitterReturnValueHandler.java:212)
	at org.springframework.web.servlet.mvc.method.annotation.ResponseBodyEmitter.sendInternal(ResponseBodyEmitter.java:234)
	at org.springframework.web.servlet.mvc.method.annotation.ResponseBodyEmitter.send(ResponseBodyEmitter.java:225)
	at org.springframework.web.servlet.mvc.method.annotation.SseEmitter.send(SseEmitter.java:135)
	at org.springframework.web.servlet.mvc.method.annotation.SseEmitter.send(SseEmitter.java:118)
	at org.springframework.web.servlet.mvc.method.annotation.ReactiveTypeHandler$SseEmitterSubscriber.send(ReactiveTypeHandler.java:391)
	at org.springframework.web.servlet.mvc.method.annotation.ReactiveTypeHandler$AbstractEmitterSubscriber.run(ReactiveTypeHandler.java:332)
	at java.base/java.util.concurrent.ThreadPoolExecutor.runWorker(ThreadPoolExecutor.java:1136)
	at java.base/java.util.concurrent.ThreadPoolExecutor$Worker.run(ThreadPoolExecutor.java:635)
	at java.base/java.lang.Thread.run(Thread.java:842)
25-04-15.12:59:40.552 [http-nio-8090-exec-9] ERROR [localhost]            - Exception Processing [ErrorPage[errorCode=0, location=/error]]
java.io.IOException: Broken pipe
	at java.base/sun.nio.ch.FileDispatcherImpl.write0(Native Method)
	at java.base/sun.nio.ch.SocketDispatcher.write(SocketDispatcher.java:62)
	at java.base/sun.nio.ch.IOUtil.writeFromNativeBuffer(IOUtil.java:132)
	at java.base/sun.nio.ch.IOUtil.write(IOUtil.java:97)
	at java.base/sun.nio.ch.IOUtil.write(IOUtil.java:53)
	at java.base/sun.nio.ch.SocketChannelImpl.write(SocketChannelImpl.java:532)
	at org.apache.tomcat.util.net.NioChannel.write(NioChannel.java:118)
	at org.apache.tomcat.util.net.NioEndpoint$NioSocketWrapper.doWrite(NioEndpoint.java:1381)
	at org.apache.tomcat.util.net.SocketWrapperBase.doWrite(SocketWrapperBase.java:764)
	at org.apache.tomcat.util.net.SocketWrapperBase.flushBlocking(SocketWrapperBase.java:728)
	at org.apache.tomcat.util.net.SocketWrapperBase.flush(SocketWrapperBase.java:712)
	at org.apache.coyote.http11.Http11OutputBuffer$SocketOutputBuffer.flush(Http11OutputBuffer.java:566)
	at org.apache.coyote.http11.filters.ChunkedOutputFilter.flush(ChunkedOutputFilter.java:157)
	at org.apache.coyote.http11.Http11OutputBuffer.flush(Http11OutputBuffer.java:220)
	at org.apache.coyote.http11.Http11Processor.flush(Http11Processor.java:1245)
	at org.apache.coyote.AbstractProcessor.action(AbstractProcessor.java:400)
	at org.apache.coyote.Response.action(Response.java:208)
	at org.apache.catalina.connector.OutputBuffer.doFlush(OutputBuffer.java:301)
	at org.apache.catalina.connector.OutputBuffer.flush(OutputBuffer.java:267)
	at org.apache.catalina.connector.CoyoteOutputStream.flush(CoyoteOutputStream.java:120)
	at java.base/java.io.FilterOutputStream.flush(FilterOutputStream.java:153)
	at com.fasterxml.jackson.core.json.UTF8JsonGenerator.flush(UTF8JsonGenerator.java:1200)
	at com.fasterxml.jackson.databind.ObjectWriter.writeValue(ObjectWriter.java:1063)
	at org.springframework.http.converter.json.AbstractJackson2HttpMessageConverter.writeInternal(AbstractJackson2HttpMessageConverter.java:483)
	at org.springframework.http.converter.AbstractGenericHttpMessageConverter.writeInternal(AbstractGenericHttpMessageConverter.java:123)
	at org.springframework.http.converter.AbstractHttpMessageConverter.write(AbstractHttpMessageConverter.java:236)
	at org.springframework.web.servlet.mvc.method.annotation.ResponseBodyEmitterReturnValueHandler$HttpMessageConvertingHandler.sendInternal(ResponseBodyEmitterReturnValueHandler.java:221)
	at org.springframework.web.servlet.mvc.method.annotation.ResponseBodyEmitterReturnValueHandler$HttpMessageConvertingHandler.send(ResponseBodyEmitterReturnValueHandler.java:212)
	at org.springframework.web.servlet.mvc.method.annotation.ResponseBodyEmitter.sendInternal(ResponseBodyEmitter.java:234)
	at org.springframework.web.servlet.mvc.method.annotation.ResponseBodyEmitter.send(ResponseBodyEmitter.java:225)
	at org.springframework.web.servlet.mvc.method.annotation.SseEmitter.send(SseEmitter.java:135)
	at org.springframework.web.servlet.mvc.method.annotation.SseEmitter.send(SseEmitter.java:118)
	at org.springframework.web.servlet.mvc.method.annotation.ReactiveTypeHandler$SseEmitterSubscriber.send(ReactiveTypeHandler.java:391)
	at org.springframework.web.servlet.mvc.method.annotation.ReactiveTypeHandler$AbstractEmitterSubscriber.run(ReactiveTypeHandler.java:332)
	at java.base/java.util.concurrent.ThreadPoolExecutor.runWorker(ThreadPoolExecutor.java:1136)
	at java.base/java.util.concurrent.ThreadPoolExecutor$Worker.run(ThreadPoolExecutor.java:635)
	at java.base/java.lang.Thread.run(Thread.java:842)
25-04-15.12:59:51.874 [main            ] WARN  DnsServerAddressStreamProviders - Can not find io.netty.resolver.dns.macos.MacOSDnsServerAddressStreamProvider in the classpath, fallback to system defaults. This may result in incorrect DNS resolutions on MacOS. Check whether you have a dependency on 'io.netty:netty-resolver-dns-native-macos'
25-04-15.13:00:05.215 [http-nio-8090-exec-3] ERROR [dispatcherServlet]    - Servlet.service() for servlet [dispatcherServlet] threw exception
java.io.IOException: Broken pipe
	at java.base/sun.nio.ch.FileDispatcherImpl.write0(Native Method)
	at java.base/sun.nio.ch.SocketDispatcher.write(SocketDispatcher.java:62)
	at java.base/sun.nio.ch.IOUtil.writeFromNativeBuffer(IOUtil.java:132)
	at java.base/sun.nio.ch.IOUtil.write(IOUtil.java:97)
	at java.base/sun.nio.ch.IOUtil.write(IOUtil.java:53)
	at java.base/sun.nio.ch.SocketChannelImpl.write(SocketChannelImpl.java:532)
	at org.apache.tomcat.util.net.NioChannel.write(NioChannel.java:118)
	at org.apache.tomcat.util.net.NioEndpoint$NioSocketWrapper.doWrite(NioEndpoint.java:1381)
	at org.apache.tomcat.util.net.SocketWrapperBase.doWrite(SocketWrapperBase.java:764)
	at org.apache.tomcat.util.net.SocketWrapperBase.flushBlocking(SocketWrapperBase.java:728)
	at org.apache.tomcat.util.net.SocketWrapperBase.flush(SocketWrapperBase.java:712)
	at org.apache.coyote.http11.Http11OutputBuffer$SocketOutputBuffer.flush(Http11OutputBuffer.java:566)
	at org.apache.coyote.http11.filters.ChunkedOutputFilter.flush(ChunkedOutputFilter.java:157)
	at org.apache.coyote.http11.Http11OutputBuffer.flush(Http11OutputBuffer.java:220)
	at org.apache.coyote.http11.Http11Processor.flush(Http11Processor.java:1245)
	at org.apache.coyote.AbstractProcessor.action(AbstractProcessor.java:400)
	at org.apache.coyote.Response.action(Response.java:208)
	at org.apache.catalina.connector.OutputBuffer.doFlush(OutputBuffer.java:301)
	at org.apache.catalina.connector.OutputBuffer.flush(OutputBuffer.java:267)
	at org.apache.catalina.connector.CoyoteOutputStream.flush(CoyoteOutputStream.java:120)
	at java.base/java.io.FilterOutputStream.flush(FilterOutputStream.java:153)
	at com.fasterxml.jackson.core.json.UTF8JsonGenerator.flush(UTF8JsonGenerator.java:1200)
	at com.fasterxml.jackson.databind.ObjectWriter.writeValue(ObjectWriter.java:1063)
	at org.springframework.http.converter.json.AbstractJackson2HttpMessageConverter.writeInternal(AbstractJackson2HttpMessageConverter.java:483)
	at org.springframework.http.converter.AbstractGenericHttpMessageConverter.writeInternal(AbstractGenericHttpMessageConverter.java:123)
	at org.springframework.http.converter.AbstractHttpMessageConverter.write(AbstractHttpMessageConverter.java:236)
	at org.springframework.web.servlet.mvc.method.annotation.ResponseBodyEmitterReturnValueHandler$HttpMessageConvertingHandler.sendInternal(ResponseBodyEmitterReturnValueHandler.java:221)
	at org.springframework.web.servlet.mvc.method.annotation.ResponseBodyEmitterReturnValueHandler$HttpMessageConvertingHandler.send(ResponseBodyEmitterReturnValueHandler.java:212)
	at org.springframework.web.servlet.mvc.method.annotation.ResponseBodyEmitter.sendInternal(ResponseBodyEmitter.java:234)
	at org.springframework.web.servlet.mvc.method.annotation.ResponseBodyEmitter.send(ResponseBodyEmitter.java:225)
	at org.springframework.web.servlet.mvc.method.annotation.SseEmitter.send(SseEmitter.java:135)
	at org.springframework.web.servlet.mvc.method.annotation.SseEmitter.send(SseEmitter.java:118)
	at org.springframework.web.servlet.mvc.method.annotation.ReactiveTypeHandler$SseEmitterSubscriber.send(ReactiveTypeHandler.java:391)
	at org.springframework.web.servlet.mvc.method.annotation.ReactiveTypeHandler$AbstractEmitterSubscriber.run(ReactiveTypeHandler.java:332)
	at java.base/java.util.concurrent.ThreadPoolExecutor.runWorker(ThreadPoolExecutor.java:1136)
	at java.base/java.util.concurrent.ThreadPoolExecutor$Worker.run(ThreadPoolExecutor.java:635)
	at java.base/java.lang.Thread.run(Thread.java:842)
25-04-15.13:00:05.217 [http-nio-8090-exec-3] ERROR [localhost]            - Exception Processing [ErrorPage[errorCode=0, location=/error]]
java.io.IOException: Broken pipe
	at java.base/sun.nio.ch.FileDispatcherImpl.write0(Native Method)
	at java.base/sun.nio.ch.SocketDispatcher.write(SocketDispatcher.java:62)
	at java.base/sun.nio.ch.IOUtil.writeFromNativeBuffer(IOUtil.java:132)
	at java.base/sun.nio.ch.IOUtil.write(IOUtil.java:97)
	at java.base/sun.nio.ch.IOUtil.write(IOUtil.java:53)
	at java.base/sun.nio.ch.SocketChannelImpl.write(SocketChannelImpl.java:532)
	at org.apache.tomcat.util.net.NioChannel.write(NioChannel.java:118)
	at org.apache.tomcat.util.net.NioEndpoint$NioSocketWrapper.doWrite(NioEndpoint.java:1381)
	at org.apache.tomcat.util.net.SocketWrapperBase.doWrite(SocketWrapperBase.java:764)
	at org.apache.tomcat.util.net.SocketWrapperBase.flushBlocking(SocketWrapperBase.java:728)
	at org.apache.tomcat.util.net.SocketWrapperBase.flush(SocketWrapperBase.java:712)
	at org.apache.coyote.http11.Http11OutputBuffer$SocketOutputBuffer.flush(Http11OutputBuffer.java:566)
	at org.apache.coyote.http11.filters.ChunkedOutputFilter.flush(ChunkedOutputFilter.java:157)
	at org.apache.coyote.http11.Http11OutputBuffer.flush(Http11OutputBuffer.java:220)
	at org.apache.coyote.http11.Http11Processor.flush(Http11Processor.java:1245)
	at org.apache.coyote.AbstractProcessor.action(AbstractProcessor.java:400)
	at org.apache.coyote.Response.action(Response.java:208)
	at org.apache.catalina.connector.OutputBuffer.doFlush(OutputBuffer.java:301)
	at org.apache.catalina.connector.OutputBuffer.flush(OutputBuffer.java:267)
	at org.apache.catalina.connector.CoyoteOutputStream.flush(CoyoteOutputStream.java:120)
	at java.base/java.io.FilterOutputStream.flush(FilterOutputStream.java:153)
	at com.fasterxml.jackson.core.json.UTF8JsonGenerator.flush(UTF8JsonGenerator.java:1200)
	at com.fasterxml.jackson.databind.ObjectWriter.writeValue(ObjectWriter.java:1063)
	at org.springframework.http.converter.json.AbstractJackson2HttpMessageConverter.writeInternal(AbstractJackson2HttpMessageConverter.java:483)
	at org.springframework.http.converter.AbstractGenericHttpMessageConverter.writeInternal(AbstractGenericHttpMessageConverter.java:123)
	at org.springframework.http.converter.AbstractHttpMessageConverter.write(AbstractHttpMessageConverter.java:236)
	at org.springframework.web.servlet.mvc.method.annotation.ResponseBodyEmitterReturnValueHandler$HttpMessageConvertingHandler.sendInternal(ResponseBodyEmitterReturnValueHandler.java:221)
	at org.springframework.web.servlet.mvc.method.annotation.ResponseBodyEmitterReturnValueHandler$HttpMessageConvertingHandler.send(ResponseBodyEmitterReturnValueHandler.java:212)
	at org.springframework.web.servlet.mvc.method.annotation.ResponseBodyEmitter.sendInternal(ResponseBodyEmitter.java:234)
	at org.springframework.web.servlet.mvc.method.annotation.ResponseBodyEmitter.send(ResponseBodyEmitter.java:225)
	at org.springframework.web.servlet.mvc.method.annotation.SseEmitter.send(SseEmitter.java:135)
	at org.springframework.web.servlet.mvc.method.annotation.SseEmitter.send(SseEmitter.java:118)
	at org.springframework.web.servlet.mvc.method.annotation.ReactiveTypeHandler$SseEmitterSubscriber.send(ReactiveTypeHandler.java:391)
	at org.springframework.web.servlet.mvc.method.annotation.ReactiveTypeHandler$AbstractEmitterSubscriber.run(ReactiveTypeHandler.java:332)
	at java.base/java.util.concurrent.ThreadPoolExecutor.runWorker(ThreadPoolExecutor.java:1136)
	at java.base/java.util.concurrent.ThreadPoolExecutor$Worker.run(ThreadPoolExecutor.java:635)
	at java.base/java.lang.Thread.run(Thread.java:842)
25-04-15.13:00:31.916 [http-nio-8090-exec-4] WARN  FileSystemFontProvider - New fonts found, font cache will be re-built
25-04-15.13:00:31.917 [http-nio-8090-exec-4] WARN  FileSystemFontProvider - Building on-disk font cache, this may take a while
25-04-15.13:00:35.803 [http-nio-8090-exec-4] WARN  FileSystemFontProvider - Finished building on-disk font cache, found 960 fonts
25-04-15.13:00:35.969 [http-nio-8090-exec-4] WARN  PDSimpleFont           - No Unicode mapping for parenleftbig (0) in font BTNYXY+CMEX10
25-04-15.13:00:35.971 [http-nio-8090-exec-4] WARN  PDSimpleFont           - No Unicode mapping for parenrightbig (1) in font BTNYXY+CMEX10
25-04-15.13:00:35.971 [http-nio-8090-exec-4] WARN  PDSimpleFont           - No Unicode mapping for parenleftbigg (18) in font BTNYXY+CMEX10
25-04-15.13:00:35.971 [http-nio-8090-exec-4] WARN  PDSimpleFont           - No Unicode mapping for parenrightbigg (19) in font BTNYXY+CMEX10
25-04-15.13:00:35.973 [http-nio-8090-exec-4] WARN  PDSimpleFont           - No Unicode mapping for summationdisplay (88) in font BTNYXY+CMEX10
25-04-15.13:00:36.005 [http-nio-8090-exec-4] WARN  PDSimpleFont           - No Unicode mapping for productdisplay (89) in font VKSLFQ+CMEX10
25-04-15.13:00:36.008 [http-nio-8090-exec-4] WARN  PDSimpleFont           - No Unicode mapping for integraldisplay (90) in font VKSLFQ+CMEX10
25-04-15.13:00:36.014 [http-nio-8090-exec-4] WARN  PDSimpleFont           - No Unicode mapping for parenleftbigg (18) in font VKSLFQ+CMEX10
25-04-15.13:00:36.014 [http-nio-8090-exec-4] WARN  PDSimpleFont           - No Unicode mapping for parenrightbigg (19) in font VKSLFQ+CMEX10
25-04-15.13:00:36.015 [http-nio-8090-exec-4] WARN  PDSimpleFont           - No Unicode mapping for bracketleftbig (2) in font VKSLFQ+CMEX10
25-04-15.13:00:36.017 [http-nio-8090-exec-4] WARN  PDSimpleFont           - No Unicode mapping for bracketrightbig (3) in font VKSLFQ+CMEX10
25-04-15.13:00:36.018 [http-nio-8090-exec-4] WARN  PDSimpleFont           - No Unicode mapping for bracketleftbigg (20) in font VKSLFQ+CMEX10
25-04-15.13:00:36.019 [http-nio-8090-exec-4] WARN  PDSimpleFont           - No Unicode mapping for bracketrightbigg (21) in font VKSLFQ+CMEX10
25-04-15.13:00:36.019 [http-nio-8090-exec-4] WARN  PDSimpleFont           - No Unicode mapping for parenleftbig (0) in font VKSLFQ+CMEX10
25-04-15.13:00:36.019 [http-nio-8090-exec-4] WARN  PDSimpleFont           - No Unicode mapping for parenrightbig (1) in font VKSLFQ+CMEX10
25-04-15.13:00:39.567 [http-nio-8090-exec-4] WARN  PDSimpleFont           - No Unicode mapping for summationtext (80) in font SBWFNM+CMEX10
25-04-15.13:00:39.575 [http-nio-8090-exec-4] WARN  PDSimpleFont           - No Unicode mapping for parenleftBig (16) in font SBWFNM+CMEX10
25-04-15.13:00:39.575 [http-nio-8090-exec-4] WARN  PDSimpleFont           - No Unicode mapping for parenrightBig (17) in font SBWFNM+CMEX10
25-04-15.13:00:39.592 [http-nio-8090-exec-4] WARN  PDSimpleFont           - No Unicode mapping for summationtext (80) in font EJKTVU+CMEX7
25-04-15.13:01:19.259 [http-nio-8090-exec-5] ERROR [dispatcherServlet]    - Servlet.service() for servlet [dispatcherServlet] threw exception
java.io.IOException: Broken pipe
	at java.base/sun.nio.ch.FileDispatcherImpl.write0(Native Method)
	at java.base/sun.nio.ch.SocketDispatcher.write(SocketDispatcher.java:62)
	at java.base/sun.nio.ch.IOUtil.writeFromNativeBuffer(IOUtil.java:132)
	at java.base/sun.nio.ch.IOUtil.write(IOUtil.java:97)
	at java.base/sun.nio.ch.IOUtil.write(IOUtil.java:53)
	at java.base/sun.nio.ch.SocketChannelImpl.write(SocketChannelImpl.java:532)
	at org.apache.tomcat.util.net.NioChannel.write(NioChannel.java:118)
	at org.apache.tomcat.util.net.NioEndpoint$NioSocketWrapper.doWrite(NioEndpoint.java:1381)
	at org.apache.tomcat.util.net.SocketWrapperBase.doWrite(SocketWrapperBase.java:764)
	at org.apache.tomcat.util.net.SocketWrapperBase.flushBlocking(SocketWrapperBase.java:728)
	at org.apache.tomcat.util.net.SocketWrapperBase.flush(SocketWrapperBase.java:712)
	at org.apache.coyote.http11.Http11OutputBuffer$SocketOutputBuffer.flush(Http11OutputBuffer.java:566)
	at org.apache.coyote.http11.filters.ChunkedOutputFilter.flush(ChunkedOutputFilter.java:157)
	at org.apache.coyote.http11.Http11OutputBuffer.flush(Http11OutputBuffer.java:220)
	at org.apache.coyote.http11.Http11Processor.flush(Http11Processor.java:1245)
	at org.apache.coyote.AbstractProcessor.action(AbstractProcessor.java:400)
	at org.apache.coyote.Response.action(Response.java:208)
	at org.apache.catalina.connector.OutputBuffer.doFlush(OutputBuffer.java:301)
	at org.apache.catalina.connector.OutputBuffer.flush(OutputBuffer.java:267)
	at org.apache.catalina.connector.CoyoteOutputStream.flush(CoyoteOutputStream.java:120)
	at java.base/java.io.FilterOutputStream.flush(FilterOutputStream.java:153)
	at com.fasterxml.jackson.core.json.UTF8JsonGenerator.flush(UTF8JsonGenerator.java:1200)
	at com.fasterxml.jackson.databind.ObjectWriter.writeValue(ObjectWriter.java:1063)
	at org.springframework.http.converter.json.AbstractJackson2HttpMessageConverter.writeInternal(AbstractJackson2HttpMessageConverter.java:483)
	at org.springframework.http.converter.AbstractGenericHttpMessageConverter.writeInternal(AbstractGenericHttpMessageConverter.java:123)
	at org.springframework.http.converter.AbstractHttpMessageConverter.write(AbstractHttpMessageConverter.java:236)
	at org.springframework.web.servlet.mvc.method.annotation.ResponseBodyEmitterReturnValueHandler$HttpMessageConvertingHandler.sendInternal(ResponseBodyEmitterReturnValueHandler.java:221)
	at org.springframework.web.servlet.mvc.method.annotation.ResponseBodyEmitterReturnValueHandler$HttpMessageConvertingHandler.send(ResponseBodyEmitterReturnValueHandler.java:212)
	at org.springframework.web.servlet.mvc.method.annotation.ResponseBodyEmitter.sendInternal(ResponseBodyEmitter.java:234)
	at org.springframework.web.servlet.mvc.method.annotation.ResponseBodyEmitter.send(ResponseBodyEmitter.java:225)
	at org.springframework.web.servlet.mvc.method.annotation.SseEmitter.send(SseEmitter.java:135)
	at org.springframework.web.servlet.mvc.method.annotation.SseEmitter.send(SseEmitter.java:118)
	at org.springframework.web.servlet.mvc.method.annotation.ReactiveTypeHandler$SseEmitterSubscriber.send(ReactiveTypeHandler.java:391)
	at org.springframework.web.servlet.mvc.method.annotation.ReactiveTypeHandler$AbstractEmitterSubscriber.run(ReactiveTypeHandler.java:332)
	at java.base/java.util.concurrent.ThreadPoolExecutor.runWorker(ThreadPoolExecutor.java:1136)
	at java.base/java.util.concurrent.ThreadPoolExecutor$Worker.run(ThreadPoolExecutor.java:635)
	at java.base/java.lang.Thread.run(Thread.java:842)
25-04-15.13:01:19.259 [http-nio-8090-exec-5] ERROR [localhost]            - Exception Processing [ErrorPage[errorCode=0, location=/error]]
java.io.IOException: Broken pipe
	at java.base/sun.nio.ch.FileDispatcherImpl.write0(Native Method)
	at java.base/sun.nio.ch.SocketDispatcher.write(SocketDispatcher.java:62)
	at java.base/sun.nio.ch.IOUtil.writeFromNativeBuffer(IOUtil.java:132)
	at java.base/sun.nio.ch.IOUtil.write(IOUtil.java:97)
	at java.base/sun.nio.ch.IOUtil.write(IOUtil.java:53)
	at java.base/sun.nio.ch.SocketChannelImpl.write(SocketChannelImpl.java:532)
	at org.apache.tomcat.util.net.NioChannel.write(NioChannel.java:118)
	at org.apache.tomcat.util.net.NioEndpoint$NioSocketWrapper.doWrite(NioEndpoint.java:1381)
	at org.apache.tomcat.util.net.SocketWrapperBase.doWrite(SocketWrapperBase.java:764)
	at org.apache.tomcat.util.net.SocketWrapperBase.flushBlocking(SocketWrapperBase.java:728)
	at org.apache.tomcat.util.net.SocketWrapperBase.flush(SocketWrapperBase.java:712)
	at org.apache.coyote.http11.Http11OutputBuffer$SocketOutputBuffer.flush(Http11OutputBuffer.java:566)
	at org.apache.coyote.http11.filters.ChunkedOutputFilter.flush(ChunkedOutputFilter.java:157)
	at org.apache.coyote.http11.Http11OutputBuffer.flush(Http11OutputBuffer.java:220)
	at org.apache.coyote.http11.Http11Processor.flush(Http11Processor.java:1245)
	at org.apache.coyote.AbstractProcessor.action(AbstractProcessor.java:400)
	at org.apache.coyote.Response.action(Response.java:208)
	at org.apache.catalina.connector.OutputBuffer.doFlush(OutputBuffer.java:301)
	at org.apache.catalina.connector.OutputBuffer.flush(OutputBuffer.java:267)
	at org.apache.catalina.connector.CoyoteOutputStream.flush(CoyoteOutputStream.java:120)
	at java.base/java.io.FilterOutputStream.flush(FilterOutputStream.java:153)
	at com.fasterxml.jackson.core.json.UTF8JsonGenerator.flush(UTF8JsonGenerator.java:1200)
	at com.fasterxml.jackson.databind.ObjectWriter.writeValue(ObjectWriter.java:1063)
	at org.springframework.http.converter.json.AbstractJackson2HttpMessageConverter.writeInternal(AbstractJackson2HttpMessageConverter.java:483)
	at org.springframework.http.converter.AbstractGenericHttpMessageConverter.writeInternal(AbstractGenericHttpMessageConverter.java:123)
	at org.springframework.http.converter.AbstractHttpMessageConverter.write(AbstractHttpMessageConverter.java:236)
	at org.springframework.web.servlet.mvc.method.annotation.ResponseBodyEmitterReturnValueHandler$HttpMessageConvertingHandler.sendInternal(ResponseBodyEmitterReturnValueHandler.java:221)
	at org.springframework.web.servlet.mvc.method.annotation.ResponseBodyEmitterReturnValueHandler$HttpMessageConvertingHandler.send(ResponseBodyEmitterReturnValueHandler.java:212)
	at org.springframework.web.servlet.mvc.method.annotation.ResponseBodyEmitter.sendInternal(ResponseBodyEmitter.java:234)
	at org.springframework.web.servlet.mvc.method.annotation.ResponseBodyEmitter.send(ResponseBodyEmitter.java:225)
	at org.springframework.web.servlet.mvc.method.annotation.SseEmitter.send(SseEmitter.java:135)
	at org.springframework.web.servlet.mvc.method.annotation.SseEmitter.send(SseEmitter.java:118)
	at org.springframework.web.servlet.mvc.method.annotation.ReactiveTypeHandler$SseEmitterSubscriber.send(ReactiveTypeHandler.java:391)
	at org.springframework.web.servlet.mvc.method.annotation.ReactiveTypeHandler$AbstractEmitterSubscriber.run(ReactiveTypeHandler.java:332)
	at java.base/java.util.concurrent.ThreadPoolExecutor.runWorker(ThreadPoolExecutor.java:1136)
	at java.base/java.util.concurrent.ThreadPoolExecutor$Worker.run(ThreadPoolExecutor.java:635)
	at java.base/java.lang.Thread.run(Thread.java:842)
25-04-15.13:03:04.014 [http-nio-8090-exec-10] ERROR [dispatcherServlet]    - Servlet.service() for servlet [dispatcherServlet] threw exception
java.io.IOException: Broken pipe
	at java.base/sun.nio.ch.FileDispatcherImpl.write0(Native Method)
	at java.base/sun.nio.ch.SocketDispatcher.write(SocketDispatcher.java:62)
	at java.base/sun.nio.ch.IOUtil.writeFromNativeBuffer(IOUtil.java:132)
	at java.base/sun.nio.ch.IOUtil.write(IOUtil.java:97)
	at java.base/sun.nio.ch.IOUtil.write(IOUtil.java:53)
	at java.base/sun.nio.ch.SocketChannelImpl.write(SocketChannelImpl.java:532)
	at org.apache.tomcat.util.net.NioChannel.write(NioChannel.java:118)
	at org.apache.tomcat.util.net.NioEndpoint$NioSocketWrapper.doWrite(NioEndpoint.java:1381)
	at org.apache.tomcat.util.net.SocketWrapperBase.doWrite(SocketWrapperBase.java:764)
	at org.apache.tomcat.util.net.SocketWrapperBase.flushBlocking(SocketWrapperBase.java:728)
	at org.apache.tomcat.util.net.SocketWrapperBase.flush(SocketWrapperBase.java:712)
	at org.apache.coyote.http11.Http11OutputBuffer$SocketOutputBuffer.flush(Http11OutputBuffer.java:566)
	at org.apache.coyote.http11.filters.ChunkedOutputFilter.flush(ChunkedOutputFilter.java:157)
	at org.apache.coyote.http11.Http11OutputBuffer.flush(Http11OutputBuffer.java:220)
	at org.apache.coyote.http11.Http11Processor.flush(Http11Processor.java:1245)
	at org.apache.coyote.AbstractProcessor.action(AbstractProcessor.java:400)
	at org.apache.coyote.Response.action(Response.java:208)
	at org.apache.catalina.connector.OutputBuffer.doFlush(OutputBuffer.java:301)
	at org.apache.catalina.connector.OutputBuffer.flush(OutputBuffer.java:267)
	at org.apache.catalina.connector.CoyoteOutputStream.flush(CoyoteOutputStream.java:120)
	at java.base/java.io.FilterOutputStream.flush(FilterOutputStream.java:153)
	at com.fasterxml.jackson.core.json.UTF8JsonGenerator.flush(UTF8JsonGenerator.java:1200)
	at com.fasterxml.jackson.databind.ObjectWriter.writeValue(ObjectWriter.java:1063)
	at org.springframework.http.converter.json.AbstractJackson2HttpMessageConverter.writeInternal(AbstractJackson2HttpMessageConverter.java:483)
	at org.springframework.http.converter.AbstractGenericHttpMessageConverter.writeInternal(AbstractGenericHttpMessageConverter.java:123)
	at org.springframework.http.converter.AbstractHttpMessageConverter.write(AbstractHttpMessageConverter.java:236)
	at org.springframework.web.servlet.mvc.method.annotation.ResponseBodyEmitterReturnValueHandler$HttpMessageConvertingHandler.sendInternal(ResponseBodyEmitterReturnValueHandler.java:221)
	at org.springframework.web.servlet.mvc.method.annotation.ResponseBodyEmitterReturnValueHandler$HttpMessageConvertingHandler.send(ResponseBodyEmitterReturnValueHandler.java:212)
	at org.springframework.web.servlet.mvc.method.annotation.ResponseBodyEmitter.sendInternal(ResponseBodyEmitter.java:234)
	at org.springframework.web.servlet.mvc.method.annotation.ResponseBodyEmitter.send(ResponseBodyEmitter.java:225)
	at org.springframework.web.servlet.mvc.method.annotation.SseEmitter.send(SseEmitter.java:135)
	at org.springframework.web.servlet.mvc.method.annotation.SseEmitter.send(SseEmitter.java:118)
	at org.springframework.web.servlet.mvc.method.annotation.ReactiveTypeHandler$SseEmitterSubscriber.send(ReactiveTypeHandler.java:391)
	at org.springframework.web.servlet.mvc.method.annotation.ReactiveTypeHandler$AbstractEmitterSubscriber.run(ReactiveTypeHandler.java:332)
	at java.base/java.util.concurrent.ThreadPoolExecutor.runWorker(ThreadPoolExecutor.java:1136)
	at java.base/java.util.concurrent.ThreadPoolExecutor$Worker.run(ThreadPoolExecutor.java:635)
	at java.base/java.lang.Thread.run(Thread.java:842)
25-04-15.13:03:04.014 [http-nio-8090-exec-10] ERROR [localhost]            - Exception Processing [ErrorPage[errorCode=0, location=/error]]
java.io.IOException: Broken pipe
	at java.base/sun.nio.ch.FileDispatcherImpl.write0(Native Method)
	at java.base/sun.nio.ch.SocketDispatcher.write(SocketDispatcher.java:62)
	at java.base/sun.nio.ch.IOUtil.writeFromNativeBuffer(IOUtil.java:132)
	at java.base/sun.nio.ch.IOUtil.write(IOUtil.java:97)
	at java.base/sun.nio.ch.IOUtil.write(IOUtil.java:53)
	at java.base/sun.nio.ch.SocketChannelImpl.write(SocketChannelImpl.java:532)
	at org.apache.tomcat.util.net.NioChannel.write(NioChannel.java:118)
	at org.apache.tomcat.util.net.NioEndpoint$NioSocketWrapper.doWrite(NioEndpoint.java:1381)
	at org.apache.tomcat.util.net.SocketWrapperBase.doWrite(SocketWrapperBase.java:764)
	at org.apache.tomcat.util.net.SocketWrapperBase.flushBlocking(SocketWrapperBase.java:728)
	at org.apache.tomcat.util.net.SocketWrapperBase.flush(SocketWrapperBase.java:712)
	at org.apache.coyote.http11.Http11OutputBuffer$SocketOutputBuffer.flush(Http11OutputBuffer.java:566)
	at org.apache.coyote.http11.filters.ChunkedOutputFilter.flush(ChunkedOutputFilter.java:157)
	at org.apache.coyote.http11.Http11OutputBuffer.flush(Http11OutputBuffer.java:220)
	at org.apache.coyote.http11.Http11Processor.flush(Http11Processor.java:1245)
	at org.apache.coyote.AbstractProcessor.action(AbstractProcessor.java:400)
	at org.apache.coyote.Response.action(Response.java:208)
	at org.apache.catalina.connector.OutputBuffer.doFlush(OutputBuffer.java:301)
	at org.apache.catalina.connector.OutputBuffer.flush(OutputBuffer.java:267)
	at org.apache.catalina.connector.CoyoteOutputStream.flush(CoyoteOutputStream.java:120)
	at java.base/java.io.FilterOutputStream.flush(FilterOutputStream.java:153)
	at com.fasterxml.jackson.core.json.UTF8JsonGenerator.flush(UTF8JsonGenerator.java:1200)
	at com.fasterxml.jackson.databind.ObjectWriter.writeValue(ObjectWriter.java:1063)
	at org.springframework.http.converter.json.AbstractJackson2HttpMessageConverter.writeInternal(AbstractJackson2HttpMessageConverter.java:483)
	at org.springframework.http.converter.AbstractGenericHttpMessageConverter.writeInternal(AbstractGenericHttpMessageConverter.java:123)
	at org.springframework.http.converter.AbstractHttpMessageConverter.write(AbstractHttpMessageConverter.java:236)
	at org.springframework.web.servlet.mvc.method.annotation.ResponseBodyEmitterReturnValueHandler$HttpMessageConvertingHandler.sendInternal(ResponseBodyEmitterReturnValueHandler.java:221)
	at org.springframework.web.servlet.mvc.method.annotation.ResponseBodyEmitterReturnValueHandler$HttpMessageConvertingHandler.send(ResponseBodyEmitterReturnValueHandler.java:212)
	at org.springframework.web.servlet.mvc.method.annotation.ResponseBodyEmitter.sendInternal(ResponseBodyEmitter.java:234)
	at org.springframework.web.servlet.mvc.method.annotation.ResponseBodyEmitter.send(ResponseBodyEmitter.java:225)
	at org.springframework.web.servlet.mvc.method.annotation.SseEmitter.send(SseEmitter.java:135)
	at org.springframework.web.servlet.mvc.method.annotation.SseEmitter.send(SseEmitter.java:118)
	at org.springframework.web.servlet.mvc.method.annotation.ReactiveTypeHandler$SseEmitterSubscriber.send(ReactiveTypeHandler.java:391)
	at org.springframework.web.servlet.mvc.method.annotation.ReactiveTypeHandler$AbstractEmitterSubscriber.run(ReactiveTypeHandler.java:332)
	at java.base/java.util.concurrent.ThreadPoolExecutor.runWorker(ThreadPoolExecutor.java:1136)
	at java.base/java.util.concurrent.ThreadPoolExecutor$Worker.run(ThreadPoolExecutor.java:635)
	at java.base/java.lang.Thread.run(Thread.java:842)
25-04-15.13:03:20.807 [http-nio-8090-exec-1] ERROR [dispatcherServlet]    - Servlet.service() for servlet [dispatcherServlet] threw exception
java.io.IOException: Broken pipe
	at java.base/sun.nio.ch.FileDispatcherImpl.write0(Native Method)
	at java.base/sun.nio.ch.SocketDispatcher.write(SocketDispatcher.java:62)
	at java.base/sun.nio.ch.IOUtil.writeFromNativeBuffer(IOUtil.java:132)
	at java.base/sun.nio.ch.IOUtil.write(IOUtil.java:97)
	at java.base/sun.nio.ch.IOUtil.write(IOUtil.java:53)
	at java.base/sun.nio.ch.SocketChannelImpl.write(SocketChannelImpl.java:532)
	at org.apache.tomcat.util.net.NioChannel.write(NioChannel.java:118)
	at org.apache.tomcat.util.net.NioEndpoint$NioSocketWrapper.doWrite(NioEndpoint.java:1381)
	at org.apache.tomcat.util.net.SocketWrapperBase.doWrite(SocketWrapperBase.java:764)
	at org.apache.tomcat.util.net.SocketWrapperBase.flushBlocking(SocketWrapperBase.java:728)
	at org.apache.tomcat.util.net.SocketWrapperBase.flush(SocketWrapperBase.java:712)
	at org.apache.coyote.http11.Http11OutputBuffer$SocketOutputBuffer.flush(Http11OutputBuffer.java:566)
	at org.apache.coyote.http11.filters.ChunkedOutputFilter.flush(ChunkedOutputFilter.java:157)
	at org.apache.coyote.http11.Http11OutputBuffer.flush(Http11OutputBuffer.java:220)
	at org.apache.coyote.http11.Http11Processor.flush(Http11Processor.java:1245)
	at org.apache.coyote.AbstractProcessor.action(AbstractProcessor.java:400)
	at org.apache.coyote.Response.action(Response.java:208)
	at org.apache.catalina.connector.OutputBuffer.doFlush(OutputBuffer.java:301)
	at org.apache.catalina.connector.OutputBuffer.flush(OutputBuffer.java:267)
	at org.apache.catalina.connector.CoyoteOutputStream.flush(CoyoteOutputStream.java:120)
	at java.base/java.io.FilterOutputStream.flush(FilterOutputStream.java:153)
	at com.fasterxml.jackson.core.json.UTF8JsonGenerator.flush(UTF8JsonGenerator.java:1200)
	at com.fasterxml.jackson.databind.ObjectWriter.writeValue(ObjectWriter.java:1063)
	at org.springframework.http.converter.json.AbstractJackson2HttpMessageConverter.writeInternal(AbstractJackson2HttpMessageConverter.java:483)
	at org.springframework.http.converter.AbstractGenericHttpMessageConverter.writeInternal(AbstractGenericHttpMessageConverter.java:123)
	at org.springframework.http.converter.AbstractHttpMessageConverter.write(AbstractHttpMessageConverter.java:236)
	at org.springframework.web.servlet.mvc.method.annotation.ResponseBodyEmitterReturnValueHandler$HttpMessageConvertingHandler.sendInternal(ResponseBodyEmitterReturnValueHandler.java:221)
	at org.springframework.web.servlet.mvc.method.annotation.ResponseBodyEmitterReturnValueHandler$HttpMessageConvertingHandler.send(ResponseBodyEmitterReturnValueHandler.java:212)
	at org.springframework.web.servlet.mvc.method.annotation.ResponseBodyEmitter.sendInternal(ResponseBodyEmitter.java:234)
	at org.springframework.web.servlet.mvc.method.annotation.ResponseBodyEmitter.send(ResponseBodyEmitter.java:225)
	at org.springframework.web.servlet.mvc.method.annotation.SseEmitter.send(SseEmitter.java:135)
	at org.springframework.web.servlet.mvc.method.annotation.SseEmitter.send(SseEmitter.java:118)
	at org.springframework.web.servlet.mvc.method.annotation.ReactiveTypeHandler$SseEmitterSubscriber.send(ReactiveTypeHandler.java:391)
	at org.springframework.web.servlet.mvc.method.annotation.ReactiveTypeHandler$AbstractEmitterSubscriber.run(ReactiveTypeHandler.java:332)
	at java.base/java.util.concurrent.ThreadPoolExecutor.runWorker(ThreadPoolExecutor.java:1136)
	at java.base/java.util.concurrent.ThreadPoolExecutor$Worker.run(ThreadPoolExecutor.java:635)
	at java.base/java.lang.Thread.run(Thread.java:842)
25-04-15.13:03:20.807 [http-nio-8090-exec-1] ERROR [localhost]            - Exception Processing [ErrorPage[errorCode=0, location=/error]]
java.io.IOException: Broken pipe
	at java.base/sun.nio.ch.FileDispatcherImpl.write0(Native Method)
	at java.base/sun.nio.ch.SocketDispatcher.write(SocketDispatcher.java:62)
	at java.base/sun.nio.ch.IOUtil.writeFromNativeBuffer(IOUtil.java:132)
	at java.base/sun.nio.ch.IOUtil.write(IOUtil.java:97)
	at java.base/sun.nio.ch.IOUtil.write(IOUtil.java:53)
	at java.base/sun.nio.ch.SocketChannelImpl.write(SocketChannelImpl.java:532)
	at org.apache.tomcat.util.net.NioChannel.write(NioChannel.java:118)
	at org.apache.tomcat.util.net.NioEndpoint$NioSocketWrapper.doWrite(NioEndpoint.java:1381)
	at org.apache.tomcat.util.net.SocketWrapperBase.doWrite(SocketWrapperBase.java:764)
	at org.apache.tomcat.util.net.SocketWrapperBase.flushBlocking(SocketWrapperBase.java:728)
	at org.apache.tomcat.util.net.SocketWrapperBase.flush(SocketWrapperBase.java:712)
	at org.apache.coyote.http11.Http11OutputBuffer$SocketOutputBuffer.flush(Http11OutputBuffer.java:566)
	at org.apache.coyote.http11.filters.ChunkedOutputFilter.flush(ChunkedOutputFilter.java:157)
	at org.apache.coyote.http11.Http11OutputBuffer.flush(Http11OutputBuffer.java:220)
	at org.apache.coyote.http11.Http11Processor.flush(Http11Processor.java:1245)
	at org.apache.coyote.AbstractProcessor.action(AbstractProcessor.java:400)
	at org.apache.coyote.Response.action(Response.java:208)
	at org.apache.catalina.connector.OutputBuffer.doFlush(OutputBuffer.java:301)
	at org.apache.catalina.connector.OutputBuffer.flush(OutputBuffer.java:267)
	at org.apache.catalina.connector.CoyoteOutputStream.flush(CoyoteOutputStream.java:120)
	at java.base/java.io.FilterOutputStream.flush(FilterOutputStream.java:153)
	at com.fasterxml.jackson.core.json.UTF8JsonGenerator.flush(UTF8JsonGenerator.java:1200)
	at com.fasterxml.jackson.databind.ObjectWriter.writeValue(ObjectWriter.java:1063)
	at org.springframework.http.converter.json.AbstractJackson2HttpMessageConverter.writeInternal(AbstractJackson2HttpMessageConverter.java:483)
	at org.springframework.http.converter.AbstractGenericHttpMessageConverter.writeInternal(AbstractGenericHttpMessageConverter.java:123)
	at org.springframework.http.converter.AbstractHttpMessageConverter.write(AbstractHttpMessageConverter.java:236)
	at org.springframework.web.servlet.mvc.method.annotation.ResponseBodyEmitterReturnValueHandler$HttpMessageConvertingHandler.sendInternal(ResponseBodyEmitterReturnValueHandler.java:221)
	at org.springframework.web.servlet.mvc.method.annotation.ResponseBodyEmitterReturnValueHandler$HttpMessageConvertingHandler.send(ResponseBodyEmitterReturnValueHandler.java:212)
	at org.springframework.web.servlet.mvc.method.annotation.ResponseBodyEmitter.sendInternal(ResponseBodyEmitter.java:234)
	at org.springframework.web.servlet.mvc.method.annotation.ResponseBodyEmitter.send(ResponseBodyEmitter.java:225)
	at org.springframework.web.servlet.mvc.method.annotation.SseEmitter.send(SseEmitter.java:135)
	at org.springframework.web.servlet.mvc.method.annotation.SseEmitter.send(SseEmitter.java:118)
	at org.springframework.web.servlet.mvc.method.annotation.ReactiveTypeHandler$SseEmitterSubscriber.send(ReactiveTypeHandler.java:391)
	at org.springframework.web.servlet.mvc.method.annotation.ReactiveTypeHandler$AbstractEmitterSubscriber.run(ReactiveTypeHandler.java:332)
	at java.base/java.util.concurrent.ThreadPoolExecutor.runWorker(ThreadPoolExecutor.java:1136)
	at java.base/java.util.concurrent.ThreadPoolExecutor$Worker.run(ThreadPoolExecutor.java:635)
	at java.base/java.lang.Thread.run(Thread.java:842)
25-04-15.13:03:44.769 [http-nio-8090-exec-2] ERROR [dispatcherServlet]    - Servlet.service() for servlet [dispatcherServlet] threw exception
java.io.IOException: Broken pipe
	at java.base/sun.nio.ch.FileDispatcherImpl.write0(Native Method)
	at java.base/sun.nio.ch.SocketDispatcher.write(SocketDispatcher.java:62)
	at java.base/sun.nio.ch.IOUtil.writeFromNativeBuffer(IOUtil.java:132)
	at java.base/sun.nio.ch.IOUtil.write(IOUtil.java:97)
	at java.base/sun.nio.ch.IOUtil.write(IOUtil.java:53)
	at java.base/sun.nio.ch.SocketChannelImpl.write(SocketChannelImpl.java:532)
	at org.apache.tomcat.util.net.NioChannel.write(NioChannel.java:118)
	at org.apache.tomcat.util.net.NioEndpoint$NioSocketWrapper.doWrite(NioEndpoint.java:1381)
	at org.apache.tomcat.util.net.SocketWrapperBase.doWrite(SocketWrapperBase.java:764)
	at org.apache.tomcat.util.net.SocketWrapperBase.flushBlocking(SocketWrapperBase.java:728)
	at org.apache.tomcat.util.net.SocketWrapperBase.flush(SocketWrapperBase.java:712)
	at org.apache.coyote.http11.Http11OutputBuffer$SocketOutputBuffer.flush(Http11OutputBuffer.java:566)
	at org.apache.coyote.http11.filters.ChunkedOutputFilter.flush(ChunkedOutputFilter.java:157)
	at org.apache.coyote.http11.Http11OutputBuffer.flush(Http11OutputBuffer.java:220)
	at org.apache.coyote.http11.Http11Processor.flush(Http11Processor.java:1245)
	at org.apache.coyote.AbstractProcessor.action(AbstractProcessor.java:400)
	at org.apache.coyote.Response.action(Response.java:208)
	at org.apache.catalina.connector.OutputBuffer.doFlush(OutputBuffer.java:301)
	at org.apache.catalina.connector.OutputBuffer.flush(OutputBuffer.java:267)
	at org.apache.catalina.connector.CoyoteOutputStream.flush(CoyoteOutputStream.java:120)
	at java.base/java.io.FilterOutputStream.flush(FilterOutputStream.java:153)
	at com.fasterxml.jackson.core.json.UTF8JsonGenerator.flush(UTF8JsonGenerator.java:1200)
	at com.fasterxml.jackson.databind.ObjectWriter.writeValue(ObjectWriter.java:1063)
	at org.springframework.http.converter.json.AbstractJackson2HttpMessageConverter.writeInternal(AbstractJackson2HttpMessageConverter.java:483)
	at org.springframework.http.converter.AbstractGenericHttpMessageConverter.writeInternal(AbstractGenericHttpMessageConverter.java:123)
	at org.springframework.http.converter.AbstractHttpMessageConverter.write(AbstractHttpMessageConverter.java:236)
	at org.springframework.web.servlet.mvc.method.annotation.ResponseBodyEmitterReturnValueHandler$HttpMessageConvertingHandler.sendInternal(ResponseBodyEmitterReturnValueHandler.java:221)
	at org.springframework.web.servlet.mvc.method.annotation.ResponseBodyEmitterReturnValueHandler$HttpMessageConvertingHandler.send(ResponseBodyEmitterReturnValueHandler.java:212)
	at org.springframework.web.servlet.mvc.method.annotation.ResponseBodyEmitter.sendInternal(ResponseBodyEmitter.java:234)
	at org.springframework.web.servlet.mvc.method.annotation.ResponseBodyEmitter.send(ResponseBodyEmitter.java:225)
	at org.springframework.web.servlet.mvc.method.annotation.SseEmitter.send(SseEmitter.java:135)
	at org.springframework.web.servlet.mvc.method.annotation.SseEmitter.send(SseEmitter.java:118)
	at org.springframework.web.servlet.mvc.method.annotation.ReactiveTypeHandler$SseEmitterSubscriber.send(ReactiveTypeHandler.java:391)
	at org.springframework.web.servlet.mvc.method.annotation.ReactiveTypeHandler$AbstractEmitterSubscriber.run(ReactiveTypeHandler.java:332)
	at java.base/java.util.concurrent.ThreadPoolExecutor.runWorker(ThreadPoolExecutor.java:1136)
	at java.base/java.util.concurrent.ThreadPoolExecutor$Worker.run(ThreadPoolExecutor.java:635)
	at java.base/java.lang.Thread.run(Thread.java:842)
25-04-15.13:03:44.770 [http-nio-8090-exec-2] ERROR [localhost]            - Exception Processing [ErrorPage[errorCode=0, location=/error]]
java.io.IOException: Broken pipe
	at java.base/sun.nio.ch.FileDispatcherImpl.write0(Native Method)
	at java.base/sun.nio.ch.SocketDispatcher.write(SocketDispatcher.java:62)
	at java.base/sun.nio.ch.IOUtil.writeFromNativeBuffer(IOUtil.java:132)
	at java.base/sun.nio.ch.IOUtil.write(IOUtil.java:97)
	at java.base/sun.nio.ch.IOUtil.write(IOUtil.java:53)
	at java.base/sun.nio.ch.SocketChannelImpl.write(SocketChannelImpl.java:532)
	at org.apache.tomcat.util.net.NioChannel.write(NioChannel.java:118)
	at org.apache.tomcat.util.net.NioEndpoint$NioSocketWrapper.doWrite(NioEndpoint.java:1381)
	at org.apache.tomcat.util.net.SocketWrapperBase.doWrite(SocketWrapperBase.java:764)
	at org.apache.tomcat.util.net.SocketWrapperBase.flushBlocking(SocketWrapperBase.java:728)
	at org.apache.tomcat.util.net.SocketWrapperBase.flush(SocketWrapperBase.java:712)
	at org.apache.coyote.http11.Http11OutputBuffer$SocketOutputBuffer.flush(Http11OutputBuffer.java:566)
	at org.apache.coyote.http11.filters.ChunkedOutputFilter.flush(ChunkedOutputFilter.java:157)
	at org.apache.coyote.http11.Http11OutputBuffer.flush(Http11OutputBuffer.java:220)
	at org.apache.coyote.http11.Http11Processor.flush(Http11Processor.java:1245)
	at org.apache.coyote.AbstractProcessor.action(AbstractProcessor.java:400)
	at org.apache.coyote.Response.action(Response.java:208)
	at org.apache.catalina.connector.OutputBuffer.doFlush(OutputBuffer.java:301)
	at org.apache.catalina.connector.OutputBuffer.flush(OutputBuffer.java:267)
	at org.apache.catalina.connector.CoyoteOutputStream.flush(CoyoteOutputStream.java:120)
	at java.base/java.io.FilterOutputStream.flush(FilterOutputStream.java:153)
	at com.fasterxml.jackson.core.json.UTF8JsonGenerator.flush(UTF8JsonGenerator.java:1200)
	at com.fasterxml.jackson.databind.ObjectWriter.writeValue(ObjectWriter.java:1063)
	at org.springframework.http.converter.json.AbstractJackson2HttpMessageConverter.writeInternal(AbstractJackson2HttpMessageConverter.java:483)
	at org.springframework.http.converter.AbstractGenericHttpMessageConverter.writeInternal(AbstractGenericHttpMessageConverter.java:123)
	at org.springframework.http.converter.AbstractHttpMessageConverter.write(AbstractHttpMessageConverter.java:236)
	at org.springframework.web.servlet.mvc.method.annotation.ResponseBodyEmitterReturnValueHandler$HttpMessageConvertingHandler.sendInternal(ResponseBodyEmitterReturnValueHandler.java:221)
	at org.springframework.web.servlet.mvc.method.annotation.ResponseBodyEmitterReturnValueHandler$HttpMessageConvertingHandler.send(ResponseBodyEmitterReturnValueHandler.java:212)
	at org.springframework.web.servlet.mvc.method.annotation.ResponseBodyEmitter.sendInternal(ResponseBodyEmitter.java:234)
	at org.springframework.web.servlet.mvc.method.annotation.ResponseBodyEmitter.send(ResponseBodyEmitter.java:225)
	at org.springframework.web.servlet.mvc.method.annotation.SseEmitter.send(SseEmitter.java:135)
	at org.springframework.web.servlet.mvc.method.annotation.SseEmitter.send(SseEmitter.java:118)
	at org.springframework.web.servlet.mvc.method.annotation.ReactiveTypeHandler$SseEmitterSubscriber.send(ReactiveTypeHandler.java:391)
	at org.springframework.web.servlet.mvc.method.annotation.ReactiveTypeHandler$AbstractEmitterSubscriber.run(ReactiveTypeHandler.java:332)
	at java.base/java.util.concurrent.ThreadPoolExecutor.runWorker(ThreadPoolExecutor.java:1136)
	at java.base/java.util.concurrent.ThreadPoolExecutor$Worker.run(ThreadPoolExecutor.java:635)
	at java.base/java.lang.Thread.run(Thread.java:842)
25-04-15.13:09:55.371 [http-nio-8090-exec-5] WARN  DefaultHandlerExceptionResolver - Resolved [org.springframework.web.multipart.MaxUploadSizeExceededException: Maximum upload size exceeded]
25-04-15.13:09:55.371 [http-nio-8090-exec-5] WARN  DefaultHandlerExceptionResolver - Resolved [org.springframework.web.multipart.MaxUploadSizeExceededException: Maximum upload size exceeded]
